2026-06-19 19:57:14,894 - RazTraderPlus - INFO - Logging initialized | dash=True
2026-06-19 19:57:14,899 - RazTraderPlus - WARNING - event=WALLET_TOKEN_MISSING wallet=W1
2026-06-19 19:57:14,902 - RazTraderPlus - WARNING - event=WALLET_DISABLED wallet=W1 reason=TOKEN_MISSING expiry_ts=0
2026-06-19 19:57:14,905 - RazTraderPlus - WARNING - event=WALLET_TOKEN_MISSING wallet=W2
2026-06-19 19:57:14,906 - RazTraderPlus - WARNING - event=WALLET_DISABLED wallet=W2 reason=TOKEN_MISSING expiry_ts=0
2026-06-19 19:57:14,908 - RazTraderPlus - WARNING - event=WALLET_TOKEN_MISSING wallet=W3
2026-06-19 19:57:14,910 - RazTraderPlus - WARNING - event=WALLET_DISABLED wallet=W3 reason=TOKEN_MISSING expiry_ts=0
2026-06-19 19:57:14,915 - RazTraderPlus - INFO - AdvancedAnalyticsEngine layers=5
2026-06-19 19:57:14,917 - RazTraderPlus - INFO - Advanced Analytics Engine: ENABLED
2026-06-19 19:57:14,927 - RazTraderPlus - WARNING - event=OPEN_ORDERS_REFRESH_FAIL wallet=W1 err=NameError: name '_is_arzplus_client' is not defined
2026-06-19 19:57:14,928 - RazTraderPlus - WARNING - event=OPEN_ORDERS_REFRESH_FAIL wallet=W2 err=NameError: name '_is_arzplus_client' is not defined
2026-06-19 19:57:14,929 - RazTraderPlus - WARNING - event=OPEN_ORDERS_REFRESH_FAIL wallet=W3 err=NameError: name '_is_arzplus_client' is not defined
2026-06-19 19:57:14,985 - RazTraderPlus - INFO - Logging initialized | dash=True
2026-06-19 19:57:14,989 - RazTraderPlus - WARNING - event=WALLET_TOKEN_MISSING wallet=W1
2026-06-19 19:57:14,990 - RazTraderPlus - WARNING - event=WALLET_DISABLED wallet=W1 reason=TOKEN_MISSING expiry_ts=0
2026-06-19 19:57:14,992 - RazTraderPlus - WARNING - event=WALLET_TOKEN_MISSING wallet=W2
2026-06-19 19:57:14,994 - RazTraderPlus - WARNING - event=WALLET_DISABLED wallet=W2 reason=TOKEN_MISSING expiry_ts=0
2026-06-19 19:57:14,996 - RazTraderPlus - WARNING - event=WALLET_TOKEN_MISSING wallet=W3
2026-06-19 19:57:14,998 - RazTraderPlus - WARNING - event=WALLET_DISABLED wallet=W3 reason=TOKEN_MISSING expiry_ts=0
2026-06-19 19:57:15,001 - RazTraderPlus - INFO - AdvancedAnalyticsEngine layers=5
2026-06-19 19:57:15,002 - RazTraderPlus - INFO - Advanced Analytics Engine: ENABLED
2026-06-19 19:57:15,009 - RazTraderPlus - WARNING - event=OPEN_ORDERS_REFRESH_FAIL wallet=W1 err=NameError: name '_is_arzplus_client' is not defined
2026-06-19 19:57:15,011 - RazTraderPlus - WARNING - event=OPEN_ORDERS_REFRESH_FAIL wallet=W2 err=NameError: name '_is_arzplus_client' is not defined
2026-06-19 19:57:15,012 - RazTraderPlus - WARNING - event=OPEN_ORDERS_REFRESH_FAIL wallet=W3 err=NameError: name '_is_arzplus_client' is not defined
2026-06-19 19:57:15,035 - RazTraderPlus - INFO - Logging initialized | dash=True
2026-06-19 19:57:15,039 - RazTraderPlus - WARNING - event=WALLET_TOKEN_MISSING wallet=W1
2026-06-19 19:57:15,040 - RazTraderPlus - WARNING - event=WALLET_DISABLED wallet=W1 reason=TOKEN_MISSING expiry_ts=0
2026-06-19 19:57:15,043 - RazTraderPlus - WARNING - event=WALLET_TOKEN_MISSING wallet=W2
2026-06-19 19:57:15,044 - RazTraderPlus - WARNING - event=WALLET_DISABLED wallet=W2 reason=TOKEN_MISSING expiry_ts=0
2026-06-19 19:57:15,046 - RazTraderPlus - WARNING - event=WALLET_TOKEN_MISSING wallet=W3
2026-06-19 19:57:15,048 - RazTraderPlus - WARNING - event=WALLET_DISABLED wallet=W3 reason=TOKEN_MISSING expiry_ts=0
2026-06-19 19:57:15,052 - RazTraderPlus - INFO - AdvancedAnalyticsEngine layers=5
2026-06-19 19:57:15,053 - RazTraderPlus - INFO - Advanced Analytics Engine: ENABLED
2026-06-19 19:57:15,060 - RazTraderPlus - WARNING - event=OPEN_ORDERS_REFRESH_FAIL wallet=W1 err=NameError: name '_is_arzplus_client' is not defined
2026-06-19 19:57:15,061 - RazTraderPlus - WARNING - event=OPEN_ORDERS_REFRESH_FAIL wallet=W2 err=NameError: name '_is_arzplus_client' is not defined
2026-06-19 19:57:15,063 - RazTraderPlus - WARNING - event=OPEN_ORDERS_REFRESH_FAIL wallet=W3 err=NameError: name '_is_arzplus_client' is not defined
2026-06-19 19:57:15,088 - RazTraderPlus - INFO - Logging initialized | dash=True
2026-06-19 19:57:15,092 - RazTraderPlus - WARNING - event=WALLET_TOKEN_MISSING wallet=W1
2026-06-19 19:57:15,094 - RazTraderPlus - WARNING - event=WALLET_DISABLED wallet=W1 reason=TOKEN_MISSING expiry_ts=0
2026-06-19 19:57:15,096 - RazTraderPlus - WARNING - event=WALLET_TOKEN_MISSING wallet=W2
2026-06-19 19:57:15,098 - RazTraderPlus - WARNING - event=WALLET_DISABLED wallet=W2 reason=TOKEN_MISSING expiry_ts=0
2026-06-19 19:57:15,100 - RazTraderPlus - WARNING - event=WALLET_TOKEN_MISSING wallet=W3
2026-06-19 19:57:15,102 - RazTraderPlus - WARNING - event=WALLET_DISABLED wallet=W3 reason=TOKEN_MISSING expiry_ts=0
2026-06-19 19:57:15,105 - RazTraderPlus - INFO - AdvancedAnalyticsEngine layers=5
2026-06-19 19:57:15,107 - RazTraderPlus - INFO - Advanced Analytics Engine: ENABLED
2026-06-19 19:57:15,114 - RazTraderPlus - WARNING - event=OPEN_ORDERS_REFRESH_FAIL wallet=W1 err=NameError: name '_is_arzplus_client' is not defined
2026-06-19 19:57:15,115 - RazTraderPlus - WARNING - event=OPEN_ORDERS_REFRESH_FAIL wallet=W2 err=NameError: name '_is_arzplus_client' is not defined
2026-06-19 19:57:15,116 - RazTraderPlus - WARNING - event=OPEN_ORDERS_REFRESH_FAIL wallet=W3 err=NameError: name '_is_arzplus_client' is not defined
2026-06-19 19:57:16,788 - RazTraderPlus - INFO - Logging initialized | dash=True
2026-06-19 19:57:16,791 - RazTraderPlus - WARNING - event=WALLET_TOKEN_MISSING wallet=W1
2026-06-19 19:57:16,792 - RazTraderPlus - WARNING - event=WALLET_DISABLED wallet=W1 reason=TOKEN_MISSING expiry_ts=0
2026-06-19 19:57:16,793 - RazTraderPlus - WARNING - event=WALLET_TOKEN_MISSING wallet=W2
2026-06-19 19:57:16,794 - RazTraderPlus - WARNING - event=WALLET_DISABLED wallet=W2 reason=TOKEN_MISSING expiry_ts=0
2026-06-19 19:57:16,797 - RazTraderPlus - WARNING - event=WALLET_TOKEN_MISSING wallet=W3
2026-06-19 19:57:16,798 - RazTraderPlus - WARNING - event=WALLET_DISABLED wallet=W3 reason=TOKEN_MISSING expiry_ts=0
2026-06-19 19:57:16,802 - RazTraderPlus - INFO - AdvancedAnalyticsEngine layers=5
2026-06-19 19:57:16,803 - RazTraderPlus - INFO - Advanced Analytics Engine: ENABLED
2026-06-19 19:57:16,809 - RazTraderPlus - WARNING - event=OPEN_ORDERS_REFRESH_FAIL wallet=W1 err=NameError: name '_is_arzplus_client' is not defined
2026-06-19 19:57:16,811 - RazTraderPlus - WARNING - event=OPEN_ORDERS_REFRESH_FAIL wallet=W2 err=NameError: name '_is_arzplus_client' is not defined
2026-06-19 19:57:16,812 - RazTraderPlus - WARNING - event=OPEN_ORDERS_REFRESH_FAIL wallet=W3 err=NameError: name '_is_arzplus_client' is not defined
2026-06-19 19:57:16,840 - RazTraderPlus - INFO - Logging initialized | dash=True
2026-06-19 19:57:16,845 - RazTraderPlus - WARNING - event=WALLET_TOKEN_MISSING wallet=W1
2026-06-19 19:57:16,846 - RazTraderPlus - WARNING - event=WALLET_DISABLED wallet=W1 reason=TOKEN_MISSING expiry_ts=0
2026-06-19 19:57:16,848 - RazTraderPlus - WARNING - event=WALLET_TOKEN_MISSING wallet=W2
2026-06-19 19:57:16,850 - RazTraderPlus - WARNING - event=WALLET_DISABLED wallet=W2 reason=TOKEN_MISSING expiry_ts=0
2026-06-19 19:57:16,853 - RazTraderPlus - WARNING - event=WALLET_TOKEN_MISSING wallet=W3
2026-06-19 19:57:16,854 - RazTraderPlus - WARNING - event=WALLET_DISABLED wallet=W3 reason=TOKEN_MISSING expiry_ts=0
2026-06-19 19:57:16,858 - RazTraderPlus - INFO - AdvancedAnalyticsEngine layers=5
2026-06-19 19:57:16,859 - RazTraderPlus - INFO - Advanced Analytics Engine: ENABLED
2026-06-19 19:57:16,867 - RazTraderPlus - WARNING - event=OPEN_ORDERS_REFRESH_FAIL wallet=W1 err=NameError: name '_is_arzplus_client' is not defined
2026-06-19 19:57:16,868 - RazTraderPlus - WARNING - event=OPEN_ORDERS_REFRESH_FAIL wallet=W2 err=NameError: name '_is_arzplus_client' is not defined
2026-06-19 19:57:16,869 - RazTraderPlus - WARNING - event=OPEN_ORDERS_REFRESH_FAIL wallet=W3 err=NameError: name '_is_arzplus_client' is not defined
2026-06-19 19:57:16,895 - RazTraderPlus - INFO - Logging initialized | dash=True
2026-06-19 19:57:16,900 - RazTraderPlus - WARNING - event=WALLET_TOKEN_MISSING wallet=W1
2026-06-19 19:57:16,901 - RazTraderPlus - WARNING - event=WALLET_DISABLED wallet=W1 reason=TOKEN_MISSING expiry_ts=0
2026-06-19 19:57:16,904 - RazTraderPlus - WARNING - event=WALLET_TOKEN_MISSING wallet=W2
2026-06-19 19:57:16,906 - RazTraderPlus - WARNING - event=WALLET_DISABLED wallet=W2 reason=TOKEN_MISSING expiry_ts=0
2026-06-19 19:57:16,908 - RazTraderPlus - WARNING - event=WALLET_TOKEN_MISSING wallet=W3
2026-06-19 19:57:16,910 - RazTraderPlus - WARNING - event=WALLET_DISABLED wallet=W3 reason=TOKEN_MISSING expiry_ts=0
2026-06-19 19:57:16,913 - RazTraderPlus - INFO - AdvancedAnalyticsEngine layers=5
2026-06-19 19:57:16,915 - RazTraderPlus - INFO - Advanced Analytics Engine: ENABLED
2026-06-19 19:57:16,923 - RazTraderPlus - WARNING - event=OPEN_ORDERS_REFRESH_FAIL wallet=W1 err=NameError: name '_is_arzplus_client' is not defined
2026-06-19 19:57:16,924 - RazTraderPlus - WARNING - event=OPEN_ORDERS_REFRESH_FAIL wallet=W2 err=NameError: name '_is_arzplus_client' is not defined
2026-06-19 19:57:16,926 - RazTraderPlus - WARNING - event=OPEN_ORDERS_REFRESH_FAIL wallet=W3 err=NameError: name '_is_arzplus_client' is not defined
2026-06-19 19:57:16,952 - RazTraderPlus - INFO - Logging initialized | dash=True
2026-06-19 19:57:16,956 - RazTraderPlus - WARNING - event=WALLET_TOKEN_MISSING wallet=W1
2026-06-19 19:57:16,959 - RazTraderPlus - WARNING - event=WALLET_DISABLED wallet=W1 reason=TOKEN_MISSING expiry_ts=0
2026-06-19 19:57:16,961 - RazTraderPlus - WARNING - event=WALLET_TOKEN_MISSING wallet=W2
2026-06-19 19:57:16,963 - RazTraderPlus - WARNING - event=WALLET_DISABLED wallet=W2 reason=TOKEN_MISSING expiry_ts=0
2026-06-19 19:57:16,965 - RazTraderPlus - WARNING - event=WALLET_TOKEN_MISSING wallet=W3
2026-06-19 19:57:16,966 - RazTraderPlus - WARNING - event=WALLET_DISABLED wallet=W3 reason=TOKEN_MISSING expiry_ts=0
2026-06-19 19:57:16,969 - RazTraderPlus - INFO - AdvancedAnalyticsEngine layers=5
2026-06-19 19:57:16,971 - RazTraderPlus - INFO - Advanced Analytics Engine: ENABLED
2026-06-19 19:57:16,977 - RazTraderPlus - WARNING - event=OPEN_ORDERS_REFRESH_FAIL wallet=W1 err=NameError: name '_is_arzplus_client' is not defined
2026-06-19 19:57:16,978 - RazTraderPlus - WARNING - event=OPEN_ORDERS_REFRESH_FAIL wallet=W2 err=NameError: name '_is_arzplus_client' is not defined
2026-06-19 19:57:16,980 - RazTraderPlus - WARNING - event=OPEN_ORDERS_REFRESH_FAIL wallet=W3 err=NameError: name '_is_arzplus_client' is not defined
2026-06-19 19:59:51,338 - RazTraderPlus - INFO - Logging initialized | dash=True
2026-06-19 19:59:51,341 - RazTraderPlus - WARNING - event=WALLET_TOKEN_MISSING wallet=W1
2026-06-19 19:59:51,344 - RazTraderPlus - WARNING - event=WALLET_DISABLED wallet=W1 reason=TOKEN_MISSING expiry_ts=0
2026-06-19 19:59:51,346 - RazTraderPlus - WARNING - event=WALLET_TOKEN_MISSING wallet=W2
2026-06-19 19:59:51,348 - RazTraderPlus - WARNING - event=WALLET_DISABLED wallet=W2 reason=TOKEN_MISSING expiry_ts=0
2026-06-19 19:59:51,350 - RazTraderPlus - WARNING - event=WALLET_TOKEN_MISSING wallet=W3
2026-06-19 19:59:51,352 - RazTraderPlus - WARNING - event=WALLET_DISABLED wallet=W3 reason=TOKEN_MISSING expiry_ts=0
2026-06-19 19:59:51,355 - RazTraderPlus - INFO - AdvancedAnalyticsEngine layers=5
2026-06-19 19:59:51,356 - RazTraderPlus - INFO - Advanced Analytics Engine: ENABLED
2026-06-19 19:59:51,362 - RazTraderPlus - WARNING - event=OPEN_ORDERS_REFRESH_FAIL wallet=W1 err=NameError: name '_is_arzplus_client' is not defined
2026-06-19 19:59:51,364 - RazTraderPlus - WARNING - event=OPEN_ORDERS_REFRESH_FAIL wallet=W2 err=NameError: name '_is_arzplus_client' is not defined
2026-06-19 19:59:51,365 - RazTraderPlus - WARNING - event=OPEN_ORDERS_REFRESH_FAIL wallet=W3 err=NameError: name '_is_arzplus_client' is not defined
2026-06-19 19:59:51,392 - RazTraderPlus - INFO - Logging initialized | dash=True
2026-06-19 19:59:51,397 - RazTraderPlus - WARNING - event=WALLET_TOKEN_MISSING wallet=W1
2026-06-19 19:59:51,398 - RazTraderPlus - WARNING - event=WALLET_DISABLED wallet=W1 reason=TOKEN_MISSING expiry_ts=0
2026-06-19 19:59:51,401 - RazTraderPlus - WARNING - event=WALLET_TOKEN_MISSING wallet=W2
2026-06-19 19:59:51,402 - RazTraderPlus - WARNING - event=WALLET_DISABLED wallet=W2 reason=TOKEN_MISSING expiry_ts=0
2026-06-19 19:59:51,404 - RazTraderPlus - WARNING - event=WALLET_TOKEN_MISSING wallet=W3
2026-06-19 19:59:51,406 - RazTraderPlus - WARNING - event=WALLET_DISABLED wallet=W3 reason=TOKEN_MISSING expiry_ts=0
2026-06-19 19:59:51,409 - RazTraderPlus - INFO - AdvancedAnalyticsEngine layers=5
2026-06-19 19:59:51,410 - RazTraderPlus - INFO - Advanced Analytics Engine: ENABLED
2026-06-19 19:59:51,416 - RazTraderPlus - WARNING - event=OPEN_ORDERS_REFRESH_FAIL wallet=W1 err=NameError: name '_is_arzplus_client' is not defined
2026-06-19 19:59:51,418 - RazTraderPlus - WARNING - event=OPEN_ORDERS_REFRESH_FAIL wallet=W2 err=NameError: name '_is_arzplus_client' is not defined
2026-06-19 19:59:51,419 - RazTraderPlus - WARNING - event=OPEN_ORDERS_REFRESH_FAIL wallet=W3 err=NameError: name '_is_arzplus_client' is not defined
2026-06-19 19:59:51,446 - RazTraderPlus - INFO - Logging initialized | dash=True
2026-06-19 19:59:51,450 - RazTraderPlus - WARNING - event=WALLET_TOKEN_MISSING wallet=W1
2026-06-19 19:59:51,453 - RazTraderPlus - WARNING - event=WALLET_DISABLED wallet=W1 reason=TOKEN_MISSING expiry_ts=0
2026-06-19 19:59:51,455 - RazTraderPlus - WARNING - event=WALLET_TOKEN_MISSING wallet=W2
2026-06-19 19:59:51,457 - RazTraderPlus - WARNING - event=WALLET_DISABLED wallet=W2 reason=TOKEN_MISSING expiry_ts=0
2026-06-19 19:59:51,459 - RazTraderPlus - WARNING - event=WALLET_TOKEN_MISSING wallet=W3
2026-06-19 19:59:51,461 - RazTraderPlus - WARNING - event=WALLET_DISABLED wallet=W3 reason=TOKEN_MISSING expiry_ts=0
2026-06-19 19:59:51,463 - RazTraderPlus - INFO - AdvancedAnalyticsEngine layers=5
2026-06-19 19:59:51,465 - RazTraderPlus - INFO - Advanced Analytics Engine: ENABLED
2026-06-19 19:59:51,471 - RazTraderPlus - WARNING - event=OPEN_ORDERS_REFRESH_FAIL wallet=W1 err=NameError: name '_is_arzplus_client' is not defined
2026-06-19 19:59:51,473 - RazTraderPlus - WARNING - event=OPEN_ORDERS_REFRESH_FAIL wallet=W2 err=NameError: name '_is_arzplus_client' is not defined
2026-06-19 19:59:51,474 - RazTraderPlus - WARNING - event=OPEN_ORDERS_REFRESH_FAIL wallet=W3 err=NameError: name '_is_arzplus_client' is not defined
2026-06-19 19:59:51,500 - RazTraderPlus - INFO - Logging initialized | dash=True
2026-06-19 19:59:51,505 - RazTraderPlus - WARNING - event=WALLET_TOKEN_MISSING wallet=W1
2026-06-19 19:59:51,507 - RazTraderPlus - WARNING - event=WALLET_DISABLED wallet=W1 reason=TOKEN_MISSING expiry_ts=0
2026-06-19 19:59:51,509 - RazTraderPlus - WARNING - event=WALLET_TOKEN_MISSING wallet=W2
2026-06-19 19:59:51,511 - RazTraderPlus - WARNING - event=WALLET_DISABLED wallet=W2 reason=TOKEN_MISSING expiry_ts=0
2026-06-19 19:59:51,512 - RazTraderPlus - WARNING - event=WALLET_TOKEN_MISSING wallet=W3
2026-06-19 19:59:51,514 - RazTraderPlus - WARNING - event=WALLET_DISABLED wallet=W3 reason=TOKEN_MISSING expiry_ts=0
2026-06-19 19:59:51,517 - RazTraderPlus - INFO - AdvancedAnalyticsEngine layers=5
2026-06-19 19:59:51,518 - RazTraderPlus - INFO - Advanced Analytics Engine: ENABLED
2026-06-19 19:59:51,524 - RazTraderPlus - WARNING - event=OPEN_ORDERS_REFRESH_FAIL wallet=W1 err=NameError: name '_is_arzplus_client' is not defined
2026-06-19 19:59:51,526 - RazTraderPlus - WARNING - event=OPEN_ORDERS_REFRESH_FAIL wallet=W2 err=NameError: name '_is_arzplus_client' is not defined
2026-06-19 19:59:51,527 - RazTraderPlus - WARNING - event=OPEN_ORDERS_REFRESH_FAIL wallet=W3 err=NameError: name '_is_arzplus_client' is not defined
2026-06-19 19:59:53,003 - RazTraderPlus - INFO - Logging initialized | dash=True
2026-06-19 19:59:53,005 - RazTraderPlus - WARNING - event=WALLET_TOKEN_MISSING wallet=W1
2026-06-19 19:59:53,007 - RazTraderPlus - WARNING - event=WALLET_DISABLED wallet=W1 reason=TOKEN_MISSING expiry_ts=0
2026-06-19 19:59:53,008 - RazTraderPlus - WARNING - event=WALLET_TOKEN_MISSING wallet=W2
2026-06-19 19:59:53,010 - RazTraderPlus - WARNING - event=WALLET_DISABLED wallet=W2 reason=TOKEN_MISSING expiry_ts=0
2026-06-19 19:59:53,011 - RazTraderPlus - WARNING - event=WALLET_TOKEN_MISSING wallet=W3
2026-06-19 19:59:53,013 - RazTraderPlus - WARNING - event=WALLET_DISABLED wallet=W3 reason=TOKEN_MISSING expiry_ts=0
2026-06-19 19:59:53,015 - RazTraderPlus - INFO - AdvancedAnalyticsEngine layers=5
2026-06-19 19:59:53,017 - RazTraderPlus - INFO - Advanced Analytics Engine: ENABLED
2026-06-19 19:59:53,024 - RazTraderPlus - WARNING - event=OPEN_ORDERS_REFRESH_FAIL wallet=W1 err=NameError: name '_is_arzplus_client' is not defined
2026-06-19 19:59:53,025 - RazTraderPlus - WARNING - event=OPEN_ORDERS_REFRESH_FAIL wallet=W2 err=NameError: name '_is_arzplus_client' is not defined
2026-06-19 19:59:53,027 - RazTraderPlus - WARNING - event=OPEN_ORDERS_REFRESH_FAIL wallet=W3 err=NameError: name '_is_arzplus_client' is not defined
2026-06-19 19:59:53,055 - RazTraderPlus - INFO - Logging initialized | dash=True
2026-06-19 19:59:53,059 - RazTraderPlus - WARNING - event=WALLET_TOKEN_MISSING wallet=W1
2026-06-19 19:59:53,061 - RazTraderPlus - WARNING - event=WALLET_DISABLED wallet=W1 reason=TOKEN_MISSING expiry_ts=0
2026-06-19 19:59:53,063 - RazTraderPlus - WARNING - event=WALLET_TOKEN_MISSING wallet=W2
2026-06-19 19:59:53,065 - RazTraderPlus - WARNING - event=WALLET_DISABLED wallet=W2 reason=TOKEN_MISSING expiry_ts=0
2026-06-19 19:59:53,067 - RazTraderPlus - WARNING - event=WALLET_TOKEN_MISSING wallet=W3
2026-06-19 19:59:53,069 - RazTraderPlus - WARNING - event=WALLET_DISABLED wallet=W3 reason=TOKEN_MISSING expiry_ts=0
2026-06-19 19:59:53,072 - RazTraderPlus - INFO - AdvancedAnalyticsEngine layers=5
2026-06-19 19:59:53,074 - RazTraderPlus - INFO - Advanced Analytics Engine: ENABLED
2026-06-19 19:59:53,081 - RazTraderPlus - WARNING - event=OPEN_ORDERS_REFRESH_FAIL wallet=W1 err=NameError: name '_is_arzplus_client' is not defined
2026-06-19 19:59:53,083 - RazTraderPlus - WARNING - event=OPEN_ORDERS_REFRESH_FAIL wallet=W2 err=NameError: name '_is_arzplus_client' is not defined
2026-06-19 19:59:53,084 - RazTraderPlus - WARNING - event=OPEN_ORDERS_REFRESH_FAIL wallet=W3 err=NameError: name '_is_arzplus_client' is not defined
2026-06-19 19:59:53,112 - RazTraderPlus - INFO - Logging initialized | dash=True
2026-06-19 19:59:53,117 - RazTraderPlus - WARNING - event=WALLET_TOKEN_MISSING wallet=W1
2026-06-19 19:59:53,118 - RazTraderPlus - WARNING - event=WALLET_DISABLED wallet=W1 reason=TOKEN_MISSING expiry_ts=0
2026-06-19 19:59:53,121 - RazTraderPlus - WARNING - event=WALLET_TOKEN_MISSING wallet=W2
2026-06-19 19:59:53,123 - RazTraderPlus - WARNING - event=WALLET_DISABLED wallet=W2 reason=TOKEN_MISSING expiry_ts=0
2026-06-19 19:59:53,125 - RazTraderPlus - WARNING - event=WALLET_TOKEN_MISSING wallet=W3
2026-06-19 19:59:53,126 - RazTraderPlus - WARNING - event=WALLET_DISABLED wallet=W3 reason=TOKEN_MISSING expiry_ts=0
2026-06-19 19:59:53,129 - RazTraderPlus - INFO - AdvancedAnalyticsEngine layers=5
2026-06-19 19:59:53,130 - RazTraderPlus - INFO - Advanced Analytics Engine: ENABLED
2026-06-19 19:59:53,138 - RazTraderPlus - WARNING - event=OPEN_ORDERS_REFRESH_FAIL wallet=W1 err=NameError: name '_is_arzplus_client' is not defined
2026-06-19 19:59:53,140 - RazTraderPlus - WARNING - event=OPEN_ORDERS_REFRESH_FAIL wallet=W2 err=NameError: name '_is_arzplus_client' is not defined
2026-06-19 19:59:53,141 - RazTraderPlus - WARNING - event=OPEN_ORDERS_REFRESH_FAIL wallet=W3 err=NameError: name '_is_arzplus_client' is not defined
2026-06-19 19:59:53,168 - RazTraderPlus - INFO - Logging initialized | dash=True
2026-06-19 19:59:53,173 - RazTraderPlus - WARNING - event=WALLET_TOKEN_MISSING wallet=W1
2026-06-19 19:59:53,176 - RazTraderPlus - WARNING - event=WALLET_DISABLED wallet=W1 reason=TOKEN_MISSING expiry_ts=0
2026-06-19 19:59:53,178 - RazTraderPlus - WARNING - event=WALLET_TOKEN_MISSING wallet=W2
2026-06-19 19:59:53,179 - RazTraderPlus - WARNING - event=WALLET_DISABLED wallet=W2 reason=TOKEN_MISSING expiry_ts=0
2026-06-19 19:59:53,181 - RazTraderPlus - WARNING - event=WALLET_TOKEN_MISSING wallet=W3
2026-06-19 19:59:53,183 - RazTraderPlus - WARNING - event=WALLET_DISABLED wallet=W3 reason=TOKEN_MISSING expiry_ts=0
2026-06-19 19:59:53,186 - RazTraderPlus - INFO - AdvancedAnalyticsEngine layers=5
2026-06-19 19:59:53,187 - RazTraderPlus - INFO - Advanced Analytics Engine: ENABLED
2026-06-19 19:59:53,193 - RazTraderPlus - WARNING - event=OPEN_ORDERS_REFRESH_FAIL wallet=W1 err=NameError: name '_is_arzplus_client' is not defined
2026-06-19 19:59:53,195 - RazTraderPlus - WARNING - event=OPEN_ORDERS_REFRESH_FAIL wallet=W2 err=NameError: name '_is_arzplus_client' is not defined
2026-06-19 19:59:53,196 - RazTraderPlus - WARNING - event=OPEN_ORDERS_REFRESH_FAIL wallet=W3 err=NameError: name '_is_arzplus_client' is not defined
2026-06-19 20:01:03,557 - RazTraderPlus - INFO - Logging initialized | dash=True
2026-06-19 20:01:03,562 - RazTraderPlus - WARNING - event=WALLET_TOKEN_MISSING wallet=W1
2026-06-19 20:01:03,563 - RazTraderPlus - WARNING - event=WALLET_DISABLED wallet=W1 reason=TOKEN_MISSING expiry_ts=0
2026-06-19 20:01:03,565 - RazTraderPlus - WARNING - event=WALLET_TOKEN_MISSING wallet=W2
2026-06-19 20:01:03,567 - RazTraderPlus - WARNING - event=WALLET_DISABLED wallet=W2 reason=TOKEN_MISSING expiry_ts=0
2026-06-19 20:01:03,569 - RazTraderPlus - WARNING - event=WALLET_TOKEN_MISSING wallet=W3
2026-06-19 20:01:03,571 - RazTraderPlus - WARNING - event=WALLET_DISABLED wallet=W3 reason=TOKEN_MISSING expiry_ts=0
2026-06-19 20:01:03,574 - RazTraderPlus - INFO - AdvancedAnalyticsEngine layers=5
2026-06-19 20:01:03,576 - RazTraderPlus - INFO - Advanced Analytics Engine: ENABLED
2026-06-19 20:01:03,582 - RazTraderPlus - WARNING - event=OPEN_ORDERS_REFRESH_FAIL wallet=W1 err=NameError: name '_is_arzplus_client' is not defined
2026-06-19 20:01:03,584 - RazTraderPlus - WARNING - event=OPEN_ORDERS_REFRESH_FAIL wallet=W2 err=NameError: name '_is_arzplus_client' is not defined
2026-06-19 20:01:03,585 - RazTraderPlus - WARNING - event=OPEN_ORDERS_REFRESH_FAIL wallet=W3 err=NameError: name '_is_arzplus_client' is not defined
2026-06-19 20:01:03,615 - RazTraderPlus - INFO - Logging initialized | dash=True
2026-06-19 20:01:03,619 - RazTraderPlus - WARNING - event=WALLET_TOKEN_MISSING wallet=W1
2026-06-19 20:01:03,621 - RazTraderPlus - WARNING - event=WALLET_DISABLED wallet=W1 reason=TOKEN_MISSING expiry_ts=0
2026-06-19 20:01:03,623 - RazTraderPlus - WARNING - event=WALLET_TOKEN_MISSING wallet=W2
2026-06-19 20:01:03,625 - RazTraderPlus - WARNING - event=WALLET_DISABLED wallet=W2 reason=TOKEN_MISSING expiry_ts=0
2026-06-19 20:01:03,627 - RazTraderPlus - WARNING - event=WALLET_TOKEN_MISSING wallet=W3
2026-06-19 20:01:03,628 - RazTraderPlus - WARNING - event=WALLET_DISABLED wallet=W3 reason=TOKEN_MISSING expiry_ts=0
2026-06-19 20:01:03,631 - RazTraderPlus - INFO - AdvancedAnalyticsEngine layers=5
2026-06-19 20:01:03,632 - RazTraderPlus - INFO - Advanced Analytics Engine: ENABLED
2026-06-19 20:01:03,638 - RazTraderPlus - WARNING - event=OPEN_ORDERS_REFRESH_FAIL wallet=W1 err=NameError: name '_is_arzplus_client' is not defined
2026-06-19 20:01:03,640 - RazTraderPlus - WARNING - event=OPEN_ORDERS_REFRESH_FAIL wallet=W2 err=NameError: name '_is_arzplus_client' is not defined
2026-06-19 20:01:03,642 - RazTraderPlus - WARNING - event=OPEN_ORDERS_REFRESH_FAIL wallet=W3 err=NameError: name '_is_arzplus_client' is not defined
2026-06-19 20:01:03,671 - RazTraderPlus - INFO - Logging initialized | dash=True
2026-06-19 20:01:03,675 - RazTraderPlus - WARNING - event=WALLET_TOKEN_MISSING wallet=W1
2026-06-19 20:01:03,677 - RazTraderPlus - WARNING - event=WALLET_DISABLED wallet=W1 reason=TOKEN_MISSING expiry_ts=0
2026-06-19 20:01:03,680 - RazTraderPlus - WARNING - event=WALLET_TOKEN_MISSING wallet=W2
2026-06-19 20:01:03,682 - RazTraderPlus - WARNING - event=WALLET_DISABLED wallet=W2 reason=TOKEN_MISSING expiry_ts=0
2026-06-19 20:01:03,685 - RazTraderPlus - WARNING - event=WALLET_TOKEN_MISSING wallet=W3
2026-06-19 20:01:03,686 - RazTraderPlus - WARNING - event=WALLET_DISABLED wallet=W3 reason=TOKEN_MISSING expiry_ts=0
2026-06-19 20:01:03,689 - RazTraderPlus - INFO - AdvancedAnalyticsEngine layers=5
2026-06-19 20:01:03,691 - RazTraderPlus - INFO - Advanced Analytics Engine: ENABLED
2026-06-19 20:01:03,697 - RazTraderPlus - WARNING - event=OPEN_ORDERS_REFRESH_FAIL wallet=W1 err=NameError: name '_is_arzplus_client' is not defined
2026-06-19 20:01:03,699 - RazTraderPlus - WARNING - event=OPEN_ORDERS_REFRESH_FAIL wallet=W2 err=NameError: name '_is_arzplus_client' is not defined
2026-06-19 20:01:03,700 - RazTraderPlus - WARNING - event=OPEN_ORDERS_REFRESH_FAIL wallet=W3 err=NameError: name '_is_arzplus_client' is not defined
2026-06-19 20:01:03,727 - RazTraderPlus - INFO - Logging initialized | dash=True
2026-06-19 20:01:03,732 - RazTraderPlus - WARNING - event=WALLET_TOKEN_MISSING wallet=W1
2026-06-19 20:01:03,733 - RazTraderPlus - WARNING - event=WALLET_DISABLED wallet=W1 reason=TOKEN_MISSING expiry_ts=0
2026-06-19 20:01:03,736 - RazTraderPlus - WARNING - event=WALLET_TOKEN_MISSING wallet=W2
2026-06-19 20:01:03,738 - RazTraderPlus - WARNING - event=WALLET_DISABLED wallet=W2 reason=TOKEN_MISSING expiry_ts=0
2026-06-19 20:01:03,740 - RazTraderPlus - WARNING - event=WALLET_TOKEN_MISSING wallet=W3
2026-06-19 20:01:03,741 - RazTraderPlus - WARNING - event=WALLET_DISABLED wallet=W3 reason=TOKEN_MISSING expiry_ts=0
2026-06-19 20:01:03,745 - RazTraderPlus - INFO - AdvancedAnalyticsEngine layers=5
2026-06-19 20:01:03,746 - RazTraderPlus - INFO - Advanced Analytics Engine: ENABLED
2026-06-19 20:01:03,752 - RazTraderPlus - WARNING - event=OPEN_ORDERS_REFRESH_FAIL wallet=W1 err=NameError: name '_is_arzplus_client' is not defined
2026-06-19 20:01:03,754 - RazTraderPlus - WARNING - event=OPEN_ORDERS_REFRESH_FAIL wallet=W2 err=NameError: name '_is_arzplus_client' is not defined
2026-06-19 20:01:03,755 - RazTraderPlus - WARNING - event=OPEN_ORDERS_REFRESH_FAIL wallet=W3 err=NameError: name '_is_arzplus_client' is not defined
2026-06-19 20:01:56,273 - RazTraderPlus - INFO - Logging initialized | dash=True
2026-06-19 20:01:56,275 - RazTraderPlus - WARNING - event=WALLET_TOKEN_MISSING wallet=W1
2026-06-19 20:01:56,276 - RazTraderPlus - WARNING - event=WALLET_DISABLED wallet=W1 reason=TOKEN_MISSING expiry_ts=0
2026-06-19 20:01:56,278 - RazTraderPlus - WARNING - event=WALLET_TOKEN_MISSING wallet=W2
2026-06-19 20:01:56,279 - RazTraderPlus - WARNING - event=WALLET_DISABLED wallet=W2 reason=TOKEN_MISSING expiry_ts=0
2026-06-19 20:01:56,281 - RazTraderPlus - WARNING - event=WALLET_TOKEN_MISSING wallet=W3
2026-06-19 20:01:56,282 - RazTraderPlus - WARNING - event=WALLET_DISABLED wallet=W3 reason=TOKEN_MISSING expiry_ts=0
2026-06-19 20:01:56,284 - RazTraderPlus - INFO - AdvancedAnalyticsEngine layers=5
2026-06-19 20:01:56,286 - RazTraderPlus - INFO - Advanced Analytics Engine: ENABLED
2026-06-19 20:01:56,292 - RazTraderPlus - WARNING - event=OPEN_ORDERS_REFRESH_FAIL wallet=W1 err=NameError: name '_is_arzplus_client' is not defined
2026-06-19 20:01:56,293 - RazTraderPlus - WARNING - event=OPEN_ORDERS_REFRESH_FAIL wallet=W2 err=NameError: name '_is_arzplus_client' is not defined
2026-06-19 20:01:56,294 - RazTraderPlus - WARNING - event=OPEN_ORDERS_REFRESH_FAIL wallet=W3 err=NameError: name '_is_arzplus_client' is not defined
2026-06-19 20:01:56,326 - RazTraderPlus - INFO - Logging initialized | dash=True
2026-06-19 20:01:56,331 - RazTraderPlus - WARNING - event=WALLET_TOKEN_MISSING wallet=W1
2026-06-19 20:01:56,333 - RazTraderPlus - WARNING - event=WALLET_DISABLED wallet=W1 reason=TOKEN_MISSING expiry_ts=0
2026-06-19 20:01:56,335 - RazTraderPlus - WARNING - event=WALLET_TOKEN_MISSING wallet=W2
2026-06-19 20:01:56,337 - RazTraderPlus - WARNING - event=WALLET_DISABLED wallet=W2 reason=TOKEN_MISSING expiry_ts=0
2026-06-19 20:01:56,339 - RazTraderPlus - WARNING - event=WALLET_TOKEN_MISSING wallet=W3
2026-06-19 20:01:56,340 - RazTraderPlus - WARNING - event=WALLET_DISABLED wallet=W3 reason=TOKEN_MISSING expiry_ts=0
2026-06-19 20:01:56,343 - RazTraderPlus - INFO - AdvancedAnalyticsEngine layers=5
2026-06-19 20:01:56,344 - RazTraderPlus - INFO - Advanced Analytics Engine: ENABLED
2026-06-19 20:01:56,351 - RazTraderPlus - WARNING - event=OPEN_ORDERS_REFRESH_FAIL wallet=W1 err=NameError: name '_is_arzplus_client' is not defined
2026-06-19 20:01:56,353 - RazTraderPlus - WARNING - event=OPEN_ORDERS_REFRESH_FAIL wallet=W2 err=NameError: name '_is_arzplus_client' is not defined
2026-06-19 20:01:56,354 - RazTraderPlus - WARNING - event=OPEN_ORDERS_REFRESH_FAIL wallet=W3 err=NameError: name '_is_arzplus_client' is not defined
2026-06-19 20:01:56,382 - RazTraderPlus - INFO - Logging initialized | dash=True
2026-06-19 20:01:56,386 - RazTraderPlus - WARNING - event=WALLET_TOKEN_MISSING wallet=W1
2026-06-19 20:01:56,387 - RazTraderPlus - WARNING - event=WALLET_DISABLED wallet=W1 reason=TOKEN_MISSING expiry_ts=0
2026-06-19 20:01:56,389 - RazTraderPlus - WARNING - event=WALLET_TOKEN_MISSING wallet=W2
2026-06-19 20:01:56,391 - RazTraderPlus - WARNING - event=WALLET_DISABLED wallet=W2 reason=TOKEN_MISSING expiry_ts=0
2026-06-19 20:01:56,393 - RazTraderPlus - WARNING - event=WALLET_TOKEN_MISSING wallet=W3
2026-06-19 20:01:56,394 - RazTraderPlus - WARNING - event=WALLET_DISABLED wallet=W3 reason=TOKEN_MISSING expiry_ts=0
2026-06-19 20:01:56,397 - RazTraderPlus - INFO - AdvancedAnalyticsEngine layers=5
2026-06-19 20:01:56,399 - RazTraderPlus - INFO - Advanced Analytics Engine: ENABLED
2026-06-19 20:01:56,405 - RazTraderPlus - WARNING - event=OPEN_ORDERS_REFRESH_FAIL wallet=W1 err=NameError: name '_is_arzplus_client' is not defined
2026-06-19 20:01:56,407 - RazTraderPlus - WARNING - event=OPEN_ORDERS_REFRESH_FAIL wallet=W2 err=NameError: name '_is_arzplus_client' is not defined
2026-06-19 20:01:56,409 - RazTraderPlus - WARNING - event=OPEN_ORDERS_REFRESH_FAIL wallet=W3 err=NameError: name '_is_arzplus_client' is not defined
2026-06-19 20:01:56,436 - RazTraderPlus - INFO - Logging initialized | dash=True
2026-06-19 20:01:56,440 - RazTraderPlus - WARNING - event=WALLET_TOKEN_MISSING wallet=W1
2026-06-19 20:01:56,441 - RazTraderPlus - WARNING - event=WALLET_DISABLED wallet=W1 reason=TOKEN_MISSING expiry_ts=0
2026-06-19 20:01:56,444 - RazTraderPlus - WARNING - event=WALLET_TOKEN_MISSING wallet=W2
2026-06-19 20:01:56,446 - RazTraderPlus - WARNING - event=WALLET_DISABLED wallet=W2 reason=TOKEN_MISSING expiry_ts=0
2026-06-19 20:01:56,448 - RazTraderPlus - WARNING - event=WALLET_TOKEN_MISSING wallet=W3
2026-06-19 20:01:56,449 - RazTraderPlus - WARNING - event=WALLET_DISABLED wallet=W3 reason=TOKEN_MISSING expiry_ts=0
2026-06-19 20:01:56,452 - RazTraderPlus - INFO - AdvancedAnalyticsEngine layers=5
2026-06-19 20:01:56,454 - RazTraderPlus - INFO - Advanced Analytics Engine: ENABLED
2026-06-19 20:01:56,460 - RazTraderPlus - WARNING - event=OPEN_ORDERS_REFRESH_FAIL wallet=W1 err=NameError: name '_is_arzplus_client' is not defined
2026-06-19 20:01:56,461 - RazTraderPlus - WARNING - event=OPEN_ORDERS_REFRESH_FAIL wallet=W2 err=NameError: name '_is_arzplus_client' is not defined
2026-06-19 20:01:56,463 - RazTraderPlus - WARNING - event=OPEN_ORDERS_REFRESH_FAIL wallet=W3 err=NameError: name '_is_arzplus_client' is not defined
2026-06-19 20:04:47,370 - RazTraderPlus - INFO - Logging initialized | dash=True
2026-06-19 20:04:47,373 - RazTraderPlus - WARNING - event=WALLET_TOKEN_MISSING wallet=W1
2026-06-19 20:04:47,374 - RazTraderPlus - WARNING - event=WALLET_DISABLED wallet=W1 reason=TOKEN_MISSING expiry_ts=0
2026-06-19 20:04:47,376 - RazTraderPlus - WARNING - event=WALLET_TOKEN_MISSING wallet=W2
2026-06-19 20:04:47,378 - RazTraderPlus - WARNING - event=WALLET_DISABLED wallet=W2 reason=TOKEN_MISSING expiry_ts=0
2026-06-19 20:04:47,380 - RazTraderPlus - WARNING - event=WALLET_TOKEN_MISSING wallet=W3
2026-06-19 20:04:47,381 - RazTraderPlus - WARNING - event=WALLET_DISABLED wallet=W3 reason=TOKEN_MISSING expiry_ts=0
2026-06-19 20:04:47,383 - RazTraderPlus - INFO - AdvancedAnalyticsEngine layers=5
2026-06-19 20:04:47,384 - RazTraderPlus - INFO - Advanced Analytics Engine: ENABLED
2026-06-19 20:04:47,390 - RazTraderPlus - WARNING - event=OPEN_ORDERS_REFRESH_FAIL wallet=W1 err=NameError: name '_is_arzplus_client' is not defined
2026-06-19 20:04:47,392 - RazTraderPlus - WARNING - event=OPEN_ORDERS_REFRESH_FAIL wallet=W2 err=NameError: name '_is_arzplus_client' is not defined
2026-06-19 20:04:47,393 - RazTraderPlus - WARNING - event=OPEN_ORDERS_REFRESH_FAIL wallet=W3 err=NameError: name '_is_arzplus_client' is not defined
2026-06-19 20:04:47,424 - RazTraderPlus - INFO - Logging initialized | dash=True
2026-06-19 20:04:47,429 - RazTraderPlus - WARNING - event=WALLET_TOKEN_MISSING wallet=W1
2026-06-19 20:04:47,431 - RazTraderPlus - WARNING - event=WALLET_DISABLED wallet=W1 reason=TOKEN_MISSING expiry_ts=0
2026-06-19 20:04:47,433 - RazTraderPlus - WARNING - event=WALLET_TOKEN_MISSING wallet=W2
2026-06-19 20:04:47,434 - RazTraderPlus - WARNING - event=WALLET_DISABLED wallet=W2 reason=TOKEN_MISSING expiry_ts=0
2026-06-19 20:04:47,436 - RazTraderPlus - WARNING - event=WALLET_TOKEN_MISSING wallet=W3
2026-06-19 20:04:47,437 - RazTraderPlus - WARNING - event=WALLET_DISABLED wallet=W3 reason=TOKEN_MISSING expiry_ts=0
2026-06-19 20:04:47,440 - RazTraderPlus - INFO - AdvancedAnalyticsEngine layers=5
2026-06-19 20:04:47,441 - RazTraderPlus - INFO - Advanced Analytics Engine: ENABLED
2026-06-19 20:04:47,447 - RazTraderPlus - WARNING - event=OPEN_ORDERS_REFRESH_FAIL wallet=W1 err=NameError: name '_is_arzplus_client' is not defined
2026-06-19 20:04:47,449 - RazTraderPlus - WARNING - event=OPEN_ORDERS_REFRESH_FAIL wallet=W2 err=NameError: name '_is_arzplus_client' is not defined
2026-06-19 20:04:47,450 - RazTraderPlus - WARNING - event=OPEN_ORDERS_REFRESH_FAIL wallet=W3 err=NameError: name '_is_arzplus_client' is not defined
2026-06-19 20:04:47,478 - RazTraderPlus - INFO - Logging initialized | dash=True
2026-06-19 20:04:47,482 - RazTraderPlus - WARNING - event=WALLET_TOKEN_MISSING wallet=W1
2026-06-19 20:04:47,484 - RazTraderPlus - WARNING - event=WALLET_DISABLED wallet=W1 reason=TOKEN_MISSING expiry_ts=0
2026-06-19 20:04:47,486 - RazTraderPlus - WARNING - event=WALLET_TOKEN_MISSING wallet=W2
2026-06-19 20:04:47,488 - RazTraderPlus - WARNING - event=WALLET_DISABLED wallet=W2 reason=TOKEN_MISSING expiry_ts=0
2026-06-19 20:04:47,490 - RazTraderPlus - WARNING - event=WALLET_TOKEN_MISSING wallet=W3
2026-06-19 20:04:47,492 - RazTraderPlus - WARNING - event=WALLET_DISABLED wallet=W3 reason=TOKEN_MISSING expiry_ts=0
2026-06-19 20:04:47,496 - RazTraderPlus - INFO - AdvancedAnalyticsEngine layers=5
2026-06-19 20:04:47,498 - RazTraderPlus - INFO - Advanced Analytics Engine: ENABLED
2026-06-19 20:04:47,504 - RazTraderPlus - WARNING - event=OPEN_ORDERS_REFRESH_FAIL wallet=W1 err=NameError: name '_is_arzplus_client' is not defined
2026-06-19 20:04:47,506 - RazTraderPlus - WARNING - event=OPEN_ORDERS_REFRESH_FAIL wallet=W2 err=NameError: name '_is_arzplus_client' is not defined
2026-06-19 20:04:47,507 - RazTraderPlus - WARNING - event=OPEN_ORDERS_REFRESH_FAIL wallet=W3 err=NameError: name '_is_arzplus_client' is not defined
2026-06-19 20:04:47,534 - RazTraderPlus - INFO - Logging initialized | dash=True
2026-06-19 20:04:47,538 - RazTraderPlus - WARNING - event=WALLET_TOKEN_MISSING wallet=W1
2026-06-19 20:04:47,540 - RazTraderPlus - WARNING - event=WALLET_DISABLED wallet=W1 reason=TOKEN_MISSING expiry_ts=0
2026-06-19 20:04:47,542 - RazTraderPlus - WARNING - event=WALLET_TOKEN_MISSING wallet=W2
2026-06-19 20:04:47,544 - RazTraderPlus - WARNING - event=WALLET_DISABLED wallet=W2 reason=TOKEN_MISSING expiry_ts=0
2026-06-19 20:04:47,546 - RazTraderPlus - WARNING - event=WALLET_TOKEN_MISSING wallet=W3
2026-06-19 20:04:47,547 - RazTraderPlus - WARNING - event=WALLET_DISABLED wallet=W3 reason=TOKEN_MISSING expiry_ts=0
2026-06-19 20:04:47,550 - RazTraderPlus - INFO - AdvancedAnalyticsEngine layers=5
2026-06-19 20:04:47,552 - RazTraderPlus - INFO - Advanced Analytics Engine: ENABLED
2026-06-19 20:04:47,558 - RazTraderPlus - WARNING - event=OPEN_ORDERS_REFRESH_FAIL wallet=W1 err=NameError: name '_is_arzplus_client' is not defined
2026-06-19 20:04:47,560 - RazTraderPlus - WARNING - event=OPEN_ORDERS_REFRESH_FAIL wallet=W2 err=NameError: name '_is_arzplus_client' is not defined
2026-06-19 20:04:47,562 - RazTraderPlus - WARNING - event=OPEN_ORDERS_REFRESH_FAIL wallet=W3 err=NameError: name '_is_arzplus_client' is not defined
2026-06-19 20:06:14,588 - RazTraderPlus - INFO - Logging initialized | dash=True
2026-06-19 20:06:14,592 - RazTraderPlus - WARNING - event=WALLET_TOKEN_MISSING wallet=W1
2026-06-19 20:06:14,594 - RazTraderPlus - WARNING - event=WALLET_DISABLED wallet=W1 reason=TOKEN_MISSING expiry_ts=0
2026-06-19 20:06:14,596 - RazTraderPlus - WARNING - event=WALLET_TOKEN_MISSING wallet=W2
2026-06-19 20:06:14,598 - RazTraderPlus - WARNING - event=WALLET_DISABLED wallet=W2 reason=TOKEN_MISSING expiry_ts=0
2026-06-19 20:06:14,600 - RazTraderPlus - WARNING - event=WALLET_TOKEN_MISSING wallet=W3
2026-06-19 20:06:14,601 - RazTraderPlus - WARNING - event=WALLET_DISABLED wallet=W3 reason=TOKEN_MISSING expiry_ts=0
2026-06-19 20:06:14,604 - RazTraderPlus - INFO - AdvancedAnalyticsEngine layers=5
2026-06-19 20:06:14,605 - RazTraderPlus - INFO - Advanced Analytics Engine: ENABLED
2026-06-19 20:06:14,613 - RazTraderPlus - WARNING - event=OPEN_ORDERS_REFRESH_FAIL wallet=W1 err=NameError: name '_is_arzplus_client' is not defined
2026-06-19 20:06:14,614 - RazTraderPlus - WARNING - event=OPEN_ORDERS_REFRESH_FAIL wallet=W2 err=NameError: name '_is_arzplus_client' is not defined
2026-06-19 20:06:14,615 - RazTraderPlus - WARNING - event=OPEN_ORDERS_REFRESH_FAIL wallet=W3 err=NameError: name '_is_arzplus_client' is not defined
2026-06-19 20:06:14,648 - RazTraderPlus - INFO - Logging initialized | dash=True
2026-06-19 20:06:14,652 - RazTraderPlus - WARNING - event=WALLET_TOKEN_MISSING wallet=W1
2026-06-19 20:06:14,654 - RazTraderPlus - WARNING - event=WALLET_DISABLED wallet=W1 reason=TOKEN_MISSING expiry_ts=0
2026-06-19 20:06:14,656 - RazTraderPlus - WARNING - event=WALLET_TOKEN_MISSING wallet=W2
2026-06-19 20:06:14,659 - RazTraderPlus - WARNING - event=WALLET_DISABLED wallet=W2 reason=TOKEN_MISSING expiry_ts=0
2026-06-19 20:06:14,661 - RazTraderPlus - WARNING - event=WALLET_TOKEN_MISSING wallet=W3
2026-06-19 20:06:14,662 - RazTraderPlus - WARNING - event=WALLET_DISABLED wallet=W3 reason=TOKEN_MISSING expiry_ts=0
2026-06-19 20:06:14,666 - RazTraderPlus - INFO - AdvancedAnalyticsEngine layers=5
2026-06-19 20:06:14,667 - RazTraderPlus - INFO - Advanced Analytics Engine: ENABLED
2026-06-19 20:06:14,675 - RazTraderPlus - WARNING - event=OPEN_ORDERS_REFRESH_FAIL wallet=W1 err=NameError: name '_is_arzplus_client' is not defined
2026-06-19 20:06:14,676 - RazTraderPlus - WARNING - event=OPEN_ORDERS_REFRESH_FAIL wallet=W2 err=NameError: name '_is_arzplus_client' is not defined
2026-06-19 20:06:14,678 - RazTraderPlus - WARNING - event=OPEN_ORDERS_REFRESH_FAIL wallet=W3 err=NameError: name '_is_arzplus_client' is not defined
2026-06-19 20:06:14,707 - RazTraderPlus - INFO - Logging initialized | dash=True
2026-06-19 20:06:14,711 - RazTraderPlus - WARNING - event=WALLET_TOKEN_MISSING wallet=W1
2026-06-19 20:06:14,713 - RazTraderPlus - WARNING - event=WALLET_DISABLED wallet=W1 reason=TOKEN_MISSING expiry_ts=0
2026-06-19 20:06:14,715 - RazTraderPlus - WARNING - event=WALLET_TOKEN_MISSING wallet=W2
2026-06-19 20:06:14,717 - RazTraderPlus - WARNING - event=WALLET_DISABLED wallet=W2 reason=TOKEN_MISSING expiry_ts=0
2026-06-19 20:06:14,719 - RazTraderPlus - WARNING - event=WALLET_TOKEN_MISSING wallet=W3
2026-06-19 20:06:14,721 - RazTraderPlus - WARNING - event=WALLET_DISABLED wallet=W3 reason=TOKEN_MISSING expiry_ts=0
2026-06-19 20:06:14,724 - RazTraderPlus - INFO - AdvancedAnalyticsEngine layers=5
2026-06-19 20:06:14,726 - RazTraderPlus - INFO - Advanced Analytics Engine: ENABLED
2026-06-19 20:06:14,732 - RazTraderPlus - WARNING - event=OPEN_ORDERS_REFRESH_FAIL wallet=W1 err=NameError: name '_is_arzplus_client' is not defined
2026-06-19 20:06:14,733 - RazTraderPlus - WARNING - event=OPEN_ORDERS_REFRESH_FAIL wallet=W2 err=NameError: name '_is_arzplus_client' is not defined
2026-06-19 20:06:14,735 - RazTraderPlus - WARNING - event=OPEN_ORDERS_REFRESH_FAIL wallet=W3 err=NameError: name '_is_arzplus_client' is not defined
2026-06-19 20:06:14,764 - RazTraderPlus - INFO - Logging initialized | dash=True
2026-06-19 20:06:14,768 - RazTraderPlus - WARNING - event=WALLET_TOKEN_MISSING wallet=W1
2026-06-19 20:06:14,769 - RazTraderPlus - WARNING - event=WALLET_DISABLED wallet=W1 reason=TOKEN_MISSING expiry_ts=0
2026-06-19 20:06:14,771 - RazTraderPlus - WARNING - event=WALLET_TOKEN_MISSING wallet=W2
2026-06-19 20:06:14,774 - RazTraderPlus - WARNING - event=WALLET_DISABLED wallet=W2 reason=TOKEN_MISSING expiry_ts=0
2026-06-19 20:06:14,776 - RazTraderPlus - WARNING - event=WALLET_TOKEN_MISSING wallet=W3
2026-06-19 20:06:14,778 - RazTraderPlus - WARNING - event=WALLET_DISABLED wallet=W3 reason=TOKEN_MISSING expiry_ts=0
2026-06-19 20:06:14,781 - RazTraderPlus - INFO - AdvancedAnalyticsEngine layers=5
2026-06-19 20:06:14,782 - RazTraderPlus - INFO - Advanced Analytics Engine: ENABLED
2026-06-19 20:06:14,789 - RazTraderPlus - WARNING - event=OPEN_ORDERS_REFRESH_FAIL wallet=W1 err=NameError: name '_is_arzplus_client' is not defined
2026-06-19 20:06:14,790 - RazTraderPlus - WARNING - event=OPEN_ORDERS_REFRESH_FAIL wallet=W2 err=NameError: name '_is_arzplus_client' is not defined
2026-06-19 20:06:14,792 - RazTraderPlus - WARNING - event=OPEN_ORDERS_REFRESH_FAIL wallet=W3 err=NameError: name '_is_arzplus_client' is not defined
2026-06-19 20:15:43,250 - RazTraderPlus - INFO - Logging initialized | dash=True
2026-06-19 20:15:43,254 - RazTraderPlus - WARNING - event=WALLET_TOKEN_MISSING wallet=W1
2026-06-19 20:15:43,256 - RazTraderPlus - WARNING - event=WALLET_DISABLED wallet=W1 reason=TOKEN_MISSING expiry_ts=0
2026-06-19 20:15:43,257 - RazTraderPlus - WARNING - event=WALLET_TOKEN_MISSING wallet=W2
2026-06-19 20:15:43,258 - RazTraderPlus - WARNING - event=WALLET_DISABLED wallet=W2 reason=TOKEN_MISSING expiry_ts=0
2026-06-19 20:15:43,260 - RazTraderPlus - WARNING - event=WALLET_TOKEN_MISSING wallet=W3
2026-06-19 20:15:43,261 - RazTraderPlus - WARNING - event=WALLET_DISABLED wallet=W3 reason=TOKEN_MISSING expiry_ts=0
2026-06-19 20:15:43,263 - RazTraderPlus - INFO - AdvancedAnalyticsEngine layers=5
2026-06-19 20:15:43,264 - RazTraderPlus - INFO - Advanced Analytics Engine: ENABLED
2026-06-19 20:15:43,270 - RazTraderPlus - WARNING - event=OPEN_ORDERS_REFRESH_FAIL wallet=W1 err=NameError: name '_is_arzplus_client' is not defined
2026-06-19 20:15:43,271 - RazTraderPlus - WARNING - event=OPEN_ORDERS_REFRESH_FAIL wallet=W2 err=NameError: name '_is_arzplus_client' is not defined
2026-06-19 20:15:43,273 - RazTraderPlus - WARNING - event=OPEN_ORDERS_REFRESH_FAIL wallet=W3 err=NameError: name '_is_arzplus_client' is not defined
2026-06-19 20:15:43,307 - RazTraderPlus - INFO - Logging initialized | dash=True
2026-06-19 20:15:43,310 - RazTraderPlus - WARNING - event=WALLET_TOKEN_MISSING wallet=W1
2026-06-19 20:15:43,312 - RazTraderPlus - WARNING - event=WALLET_DISABLED wallet=W1 reason=TOKEN_MISSING expiry_ts=0
2026-06-19 20:15:43,314 - RazTraderPlus - WARNING - event=WALLET_TOKEN_MISSING wallet=W2
2026-06-19 20:15:43,316 - RazTraderPlus - WARNING - event=WALLET_DISABLED wallet=W2 reason=TOKEN_MISSING expiry_ts=0
2026-06-19 20:15:43,318 - RazTraderPlus - WARNING - event=WALLET_TOKEN_MISSING wallet=W3
2026-06-19 20:15:43,320 - RazTraderPlus - WARNING - event=WALLET_DISABLED wallet=W3 reason=TOKEN_MISSING expiry_ts=0
2026-06-19 20:15:43,324 - RazTraderPlus - INFO - AdvancedAnalyticsEngine layers=5
2026-06-19 20:15:43,326 - RazTraderPlus - INFO - Advanced Analytics Engine: ENABLED
2026-06-19 20:15:43,333 - RazTraderPlus - WARNING - event=OPEN_ORDERS_REFRESH_FAIL wallet=W1 err=NameError: name '_is_arzplus_client' is not defined
2026-06-19 20:15:43,334 - RazTraderPlus - WARNING - event=OPEN_ORDERS_REFRESH_FAIL wallet=W2 err=NameError: name '_is_arzplus_client' is not defined
2026-06-19 20:15:43,336 - RazTraderPlus - WARNING - event=OPEN_ORDERS_REFRESH_FAIL wallet=W3 err=NameError: name '_is_arzplus_client' is not defined
2026-06-19 20:15:43,365 - RazTraderPlus - INFO - Logging initialized | dash=True
2026-06-19 20:15:43,368 - RazTraderPlus - WARNING - event=WALLET_TOKEN_MISSING wallet=W1
2026-06-19 20:15:43,370 - RazTraderPlus - WARNING - event=WALLET_DISABLED wallet=W1 reason=TOKEN_MISSING expiry_ts=0
2026-06-19 20:15:43,373 - RazTraderPlus - WARNING - event=WALLET_TOKEN_MISSING wallet=W2
2026-06-19 20:15:43,375 - RazTraderPlus - WARNING - event=WALLET_DISABLED wallet=W2 reason=TOKEN_MISSING expiry_ts=0
2026-06-19 20:15:43,378 - RazTraderPlus - WARNING - event=WALLET_TOKEN_MISSING wallet=W3
2026-06-19 20:15:43,380 - RazTraderPlus - WARNING - event=WALLET_DISABLED wallet=W3 reason=TOKEN_MISSING expiry_ts=0
2026-06-19 20:15:43,383 - RazTraderPlus - INFO - AdvancedAnalyticsEngine layers=5
2026-06-19 20:15:43,385 - RazTraderPlus - INFO - Advanced Analytics Engine: ENABLED
2026-06-19 20:15:43,393 - RazTraderPlus - WARNING - event=OPEN_ORDERS_REFRESH_FAIL wallet=W1 err=NameError: name '_is_arzplus_client' is not defined
2026-06-19 20:15:43,395 - RazTraderPlus - WARNING - event=OPEN_ORDERS_REFRESH_FAIL wallet=W2 err=NameError: name '_is_arzplus_client' is not defined
2026-06-19 20:15:43,396 - RazTraderPlus - WARNING - event=OPEN_ORDERS_REFRESH_FAIL wallet=W3 err=NameError: name '_is_arzplus_client' is not defined
2026-06-19 20:15:43,426 - RazTraderPlus - INFO - Logging initialized | dash=True
2026-06-19 20:15:43,429 - RazTraderPlus - WARNING - event=WALLET_TOKEN_MISSING wallet=W1
2026-06-19 20:15:43,431 - RazTraderPlus - WARNING - event=WALLET_DISABLED wallet=W1 reason=TOKEN_MISSING expiry_ts=0
2026-06-19 20:15:43,434 - RazTraderPlus - WARNING - event=WALLET_TOKEN_MISSING wallet=W2
2026-06-19 20:15:43,436 - RazTraderPlus - WARNING - event=WALLET_DISABLED wallet=W2 reason=TOKEN_MISSING expiry_ts=0
2026-06-19 20:15:43,438 - RazTraderPlus - WARNING - event=WALLET_TOKEN_MISSING wallet=W3
2026-06-19 20:15:43,439 - RazTraderPlus - WARNING - event=WALLET_DISABLED wallet=W3 reason=TOKEN_MISSING expiry_ts=0
2026-06-19 20:15:43,443 - RazTraderPlus - INFO - AdvancedAnalyticsEngine layers=5
2026-06-19 20:15:43,445 - RazTraderPlus - INFO - Advanced Analytics Engine: ENABLED
2026-06-19 20:15:43,451 - RazTraderPlus - WARNING - event=OPEN_ORDERS_REFRESH_FAIL wallet=W1 err=NameError: name '_is_arzplus_client' is not defined
2026-06-19 20:15:43,453 - RazTraderPlus - WARNING - event=OPEN_ORDERS_REFRESH_FAIL wallet=W2 err=NameError: name '_is_arzplus_client' is not defined
2026-06-19 20:15:43,454 - RazTraderPlus - WARNING - event=OPEN_ORDERS_REFRESH_FAIL wallet=W3 err=NameError: name '_is_arzplus_client' is not defined
2026-06-19 20:16:59,262 - RazTraderPlus - INFO - Logging initialized | dash=True
2026-06-19 20:16:59,265 - RazTraderPlus - WARNING - event=WALLET_TOKEN_MISSING wallet=W1
2026-06-19 20:16:59,267 - RazTraderPlus - WARNING - event=WALLET_DISABLED wallet=W1 reason=TOKEN_MISSING expiry_ts=0
2026-06-19 20:16:59,268 - RazTraderPlus - WARNING - event=WALLET_TOKEN_MISSING wallet=W2
2026-06-19 20:16:59,270 - RazTraderPlus - WARNING - event=WALLET_DISABLED wallet=W2 reason=TOKEN_MISSING expiry_ts=0
2026-06-19 20:16:59,271 - RazTraderPlus - WARNING - event=WALLET_TOKEN_MISSING wallet=W3
2026-06-19 20:16:59,272 - RazTraderPlus - WARNING - event=WALLET_DISABLED wallet=W3 reason=TOKEN_MISSING expiry_ts=0
2026-06-19 20:16:59,275 - RazTraderPlus - INFO - AdvancedAnalyticsEngine layers=5
2026-06-19 20:16:59,276 - RazTraderPlus - INFO - Advanced Analytics Engine: ENABLED
2026-06-19 20:16:59,283 - RazTraderPlus - WARNING - event=OPEN_ORDERS_REFRESH_FAIL wallet=W1 err=NameError: name '_is_arzplus_client' is not defined
2026-06-19 20:16:59,285 - RazTraderPlus - WARNING - event=OPEN_ORDERS_REFRESH_FAIL wallet=W2 err=NameError: name '_is_arzplus_client' is not defined
2026-06-19 20:16:59,287 - RazTraderPlus - WARNING - event=OPEN_ORDERS_REFRESH_FAIL wallet=W3 err=NameError: name '_is_arzplus_client' is not defined
2026-06-19 20:16:59,318 - RazTraderPlus - INFO - Logging initialized | dash=True
2026-06-19 20:16:59,323 - RazTraderPlus - WARNING - event=WALLET_TOKEN_MISSING wallet=W1
2026-06-19 20:16:59,325 - RazTraderPlus - WARNING - event=WALLET_DISABLED wallet=W1 reason=TOKEN_MISSING expiry_ts=0
2026-06-19 20:16:59,328 - RazTraderPlus - WARNING - event=WALLET_TOKEN_MISSING wallet=W2
2026-06-19 20:16:59,332 - RazTraderPlus - WARNING - event=WALLET_DISABLED wallet=W2 reason=TOKEN_MISSING expiry_ts=0
2026-06-19 20:16:59,335 - RazTraderPlus - WARNING - event=WALLET_TOKEN_MISSING wallet=W3
2026-06-19 20:16:59,337 - RazTraderPlus - WARNING - event=WALLET_DISABLED wallet=W3 reason=TOKEN_MISSING expiry_ts=0
2026-06-19 20:16:59,340 - RazTraderPlus - INFO - AdvancedAnalyticsEngine layers=5
2026-06-19 20:16:59,342 - RazTraderPlus - INFO - Advanced Analytics Engine: ENABLED
2026-06-19 20:16:59,349 - RazTraderPlus - WARNING - event=OPEN_ORDERS_REFRESH_FAIL wallet=W1 err=NameError: name '_is_arzplus_client' is not defined
2026-06-19 20:16:59,351 - RazTraderPlus - WARNING - event=OPEN_ORDERS_REFRESH_FAIL wallet=W2 err=NameError: name '_is_arzplus_client' is not defined
2026-06-19 20:16:59,352 - RazTraderPlus - WARNING - event=OPEN_ORDERS_REFRESH_FAIL wallet=W3 err=NameError: name '_is_arzplus_client' is not defined
2026-06-19 20:16:59,382 - RazTraderPlus - INFO - Logging initialized | dash=True
2026-06-19 20:16:59,385 - RazTraderPlus - WARNING - event=WALLET_TOKEN_MISSING wallet=W1
2026-06-19 20:16:59,387 - RazTraderPlus - WARNING - event=WALLET_DISABLED wallet=W1 reason=TOKEN_MISSING expiry_ts=0
2026-06-19 20:16:59,390 - RazTraderPlus - WARNING - event=WALLET_TOKEN_MISSING wallet=W2
2026-06-19 20:16:59,391 - RazTraderPlus - WARNING - event=WALLET_DISABLED wallet=W2 reason=TOKEN_MISSING expiry_ts=0
2026-06-19 20:16:59,393 - RazTraderPlus - WARNING - event=WALLET_TOKEN_MISSING wallet=W3
2026-06-19 20:16:59,394 - RazTraderPlus - WARNING - event=WALLET_DISABLED wallet=W3 reason=TOKEN_MISSING expiry_ts=0
2026-06-19 20:16:59,397 - RazTraderPlus - INFO - AdvancedAnalyticsEngine layers=5
2026-06-19 20:16:59,399 - RazTraderPlus - INFO - Advanced Analytics Engine: ENABLED
2026-06-19 20:16:59,405 - RazTraderPlus - WARNING - event=OPEN_ORDERS_REFRESH_FAIL wallet=W1 err=NameError: name '_is_arzplus_client' is not defined
2026-06-19 20:16:59,406 - RazTraderPlus - WARNING - event=OPEN_ORDERS_REFRESH_FAIL wallet=W2 err=NameError: name '_is_arzplus_client' is not defined
2026-06-19 20:16:59,408 - RazTraderPlus - WARNING - event=OPEN_ORDERS_REFRESH_FAIL wallet=W3 err=NameError: name '_is_arzplus_client' is not defined
2026-06-19 20:16:59,438 - RazTraderPlus - INFO - Logging initialized | dash=True
2026-06-19 20:16:59,441 - RazTraderPlus - WARNING - event=WALLET_TOKEN_MISSING wallet=W1
2026-06-19 20:16:59,442 - RazTraderPlus - WARNING - event=WALLET_DISABLED wallet=W1 reason=TOKEN_MISSING expiry_ts=0
2026-06-19 20:16:59,444 - RazTraderPlus - WARNING - event=WALLET_TOKEN_MISSING wallet=W2
2026-06-19 20:16:59,446 - RazTraderPlus - WARNING - event=WALLET_DISABLED wallet=W2 reason=TOKEN_MISSING expiry_ts=0
2026-06-19 20:16:59,448 - RazTraderPlus - WARNING - event=WALLET_TOKEN_MISSING wallet=W3
2026-06-19 20:16:59,449 - RazTraderPlus - WARNING - event=WALLET_DISABLED wallet=W3 reason=TOKEN_MISSING expiry_ts=0
2026-06-19 20:16:59,452 - RazTraderPlus - INFO - AdvancedAnalyticsEngine layers=5
2026-06-19 20:16:59,453 - RazTraderPlus - INFO - Advanced Analytics Engine: ENABLED
2026-06-19 20:16:59,460 - RazTraderPlus - WARNING - event=OPEN_ORDERS_REFRESH_FAIL wallet=W1 err=NameError: name '_is_arzplus_client' is not defined
2026-06-19 20:16:59,461 - RazTraderPlus - WARNING - event=OPEN_ORDERS_REFRESH_FAIL wallet=W2 err=NameError: name '_is_arzplus_client' is not defined
2026-06-19 20:16:59,462 - RazTraderPlus - WARNING - event=OPEN_ORDERS_REFRESH_FAIL wallet=W3 err=NameError: name '_is_arzplus_client' is not defined
2026-06-21 13:03:52,273 - RazTraderPlus - INFO - Logging initialized | dash=True
2026-06-21 13:03:52,304 - RazTraderPlus - WARNING - event=WALLET_TOKEN_MISSING wallet=W1
2026-06-21 13:03:52,304 - RazTraderPlus - WARNING - event=WALLET_DISABLED wallet=W1 reason=TOKEN_MISSING expiry_ts=0
2026-06-21 13:03:52,304 - RazTraderPlus - WARNING - event=WALLET_TOKEN_MISSING wallet=W2
2026-06-21 13:03:52,304 - RazTraderPlus - WARNING - event=WALLET_DISABLED wallet=W2 reason=TOKEN_MISSING expiry_ts=0
2026-06-21 13:03:52,304 - RazTraderPlus - WARNING - event=WALLET_TOKEN_MISSING wallet=W3
2026-06-21 13:03:52,304 - RazTraderPlus - WARNING - event=WALLET_DISABLED wallet=W3 reason=TOKEN_MISSING expiry_ts=0
2026-06-21 13:03:52,341 - RazTraderPlus - INFO - AdvancedAnalyticsEngine layers=5
2026-06-21 13:03:52,341 - RazTraderPlus - INFO - Advanced Analytics Engine: ENABLED
2026-06-21 13:03:52,341 - RazTraderPlus - WARNING - event=OPEN_ORDERS_REFRESH_FAIL wallet=W1 err=NameError: name '_is_arzplus_client' is not defined
2026-06-21 13:03:52,341 - RazTraderPlus - WARNING - event=OPEN_ORDERS_REFRESH_FAIL wallet=W2 err=NameError: name '_is_arzplus_client' is not defined
2026-06-21 13:03:52,341 - RazTraderPlus - WARNING - event=OPEN_ORDERS_REFRESH_FAIL wallet=W3 err=NameError: name '_is_arzplus_client' is not defined
2026-06-21 13:03:52,373 - RazTraderPlus - INFO - Logging initialized | dash=True
2026-06-21 13:03:52,388 - RazTraderPlus - WARNING - event=WALLET_TOKEN_MISSING wallet=W1
2026-06-21 13:03:52,388 - RazTraderPlus - WARNING - event=WALLET_DISABLED wallet=W1 reason=TOKEN_MISSING expiry_ts=0
2026-06-21 13:03:52,388 - RazTraderPlus - WARNING - event=WALLET_TOKEN_MISSING wallet=W2
2026-06-21 13:03:52,388 - RazTraderPlus - WARNING - event=WALLET_DISABLED wallet=W2 reason=TOKEN_MISSING expiry_ts=0
2026-06-21 13:03:52,388 - RazTraderPlus - WARNING - event=WALLET_TOKEN_MISSING wallet=W3
2026-06-21 13:03:52,388 - RazTraderPlus - WARNING - event=WALLET_DISABLED wallet=W3 reason=TOKEN_MISSING expiry_ts=0
2026-06-21 13:03:52,388 - RazTraderPlus - INFO - AdvancedAnalyticsEngine layers=5
2026-06-21 13:03:52,388 - RazTraderPlus - INFO - Advanced Analytics Engine: ENABLED
2026-06-21 13:03:52,404 - RazTraderPlus - WARNING - event=OPEN_ORDERS_REFRESH_FAIL wallet=W1 err=NameError: name '_is_arzplus_client' is not defined
2026-06-21 13:03:52,404 - RazTraderPlus - WARNING - event=OPEN_ORDERS_REFRESH_FAIL wallet=W2 err=NameError: name '_is_arzplus_client' is not defined
2026-06-21 13:03:52,404 - RazTraderPlus - WARNING - event=OPEN_ORDERS_REFRESH_FAIL wallet=W3 err=NameError: name '_is_arzplus_client' is not defined
2026-06-21 13:03:52,419 - RazTraderPlus - INFO - Logging initialized | dash=True
2026-06-21 13:03:52,419 - RazTraderPlus - WARNING - event=WALLET_TOKEN_MISSING wallet=W1
2026-06-21 13:03:52,419 - RazTraderPlus - WARNING - event=WALLET_DISABLED wallet=W1 reason=TOKEN_MISSING expiry_ts=0
2026-06-21 13:03:52,419 - RazTraderPlus - WARNING - event=WALLET_TOKEN_MISSING wallet=W2
2026-06-21 13:03:52,435 - RazTraderPlus - WARNING - event=WALLET_DISABLED wallet=W2 reason=TOKEN_MISSING expiry_ts=0
2026-06-21 13:03:52,435 - RazTraderPlus - WARNING - event=WALLET_TOKEN_MISSING wallet=W3
2026-06-21 13:03:52,435 - RazTraderPlus - WARNING - event=WALLET_DISABLED wallet=W3 reason=TOKEN_MISSING expiry_ts=0
2026-06-21 13:03:52,442 - RazTraderPlus - INFO - AdvancedAnalyticsEngine layers=5
2026-06-21 13:03:52,442 - RazTraderPlus - INFO - Advanced Analytics Engine: ENABLED
2026-06-21 13:03:52,442 - RazTraderPlus - WARNING - event=OPEN_ORDERS_REFRESH_FAIL wallet=W1 err=NameError: name '_is_arzplus_client' is not defined
2026-06-21 13:03:52,442 - RazTraderPlus - WARNING - event=OPEN_ORDERS_REFRESH_FAIL wallet=W2 err=NameError: name '_is_arzplus_client' is not defined
2026-06-21 13:03:52,442 - RazTraderPlus - WARNING - event=OPEN_ORDERS_REFRESH_FAIL wallet=W3 err=NameError: name '_is_arzplus_client' is not defined
2026-06-21 13:03:52,457 - RazTraderPlus - INFO - Logging initialized | dash=True
2026-06-21 13:03:52,473 - RazTraderPlus - WARNING - event=WALLET_TOKEN_MISSING wallet=W1
2026-06-21 13:03:52,473 - RazTraderPlus - WARNING - event=WALLET_DISABLED wallet=W1 reason=TOKEN_MISSING expiry_ts=0
2026-06-21 13:03:52,473 - RazTraderPlus - WARNING - event=WALLET_TOKEN_MISSING wallet=W2
2026-06-21 13:03:52,473 - RazTraderPlus - WARNING - event=WALLET_DISABLED wallet=W2 reason=TOKEN_MISSING expiry_ts=0
2026-06-21 13:03:52,473 - RazTraderPlus - WARNING - event=WALLET_TOKEN_MISSING wallet=W3
2026-06-21 13:03:52,473 - RazTraderPlus - WARNING - event=WALLET_DISABLED wallet=W3 reason=TOKEN_MISSING expiry_ts=0
2026-06-21 13:03:52,473 - RazTraderPlus - INFO - AdvancedAnalyticsEngine layers=5
2026-06-21 13:03:52,473 - RazTraderPlus - INFO - Advanced Analytics Engine: ENABLED
2026-06-21 13:03:52,488 - RazTraderPlus - WARNING - event=OPEN_ORDERS_REFRESH_FAIL wallet=W1 err=NameError: name '_is_arzplus_client' is not defined
2026-06-21 13:03:52,488 - RazTraderPlus - WARNING - event=OPEN_ORDERS_REFRESH_FAIL wallet=W2 err=NameError: name '_is_arzplus_client' is not defined
2026-06-21 13:03:52,488 - RazTraderPlus - WARNING - event=OPEN_ORDERS_REFRESH_FAIL wallet=W3 err=NameError: name '_is_arzplus_client' is not defined
2026-06-21 18:04:11,407 - RazTraderPlus - INFO - Logging initialized | dash=True
2026-06-21 18:04:11,407 - RazTraderPlus - WARNING - event=WALLET_TOKEN_MISSING wallet=W1
2026-06-21 18:04:11,407 - RazTraderPlus - WARNING - event=WALLET_DISABLED wallet=W1 reason=TOKEN_MISSING expiry_ts=0
2026-06-21 18:04:11,407 - RazTraderPlus - WARNING - event=WALLET_TOKEN_MISSING wallet=W2
2026-06-21 18:04:11,407 - RazTraderPlus - WARNING - event=WALLET_DISABLED wallet=W2 reason=TOKEN_MISSING expiry_ts=0
2026-06-21 18:04:11,407 - RazTraderPlus - WARNING - event=WALLET_TOKEN_MISSING wallet=W3
2026-06-21 18:04:11,407 - RazTraderPlus - WARNING - event=WALLET_DISABLED wallet=W3 reason=TOKEN_MISSING expiry_ts=0
2026-06-21 18:04:11,407 - RazTraderPlus - INFO - AdvancedAnalyticsEngine layers=5
2026-06-21 18:04:11,407 - RazTraderPlus - INFO - Advanced Analytics Engine: ENABLED
2026-06-21 18:04:11,407 - RazTraderPlus - WARNING - event=OPEN_ORDERS_REFRESH_FAIL wallet=W1 err=NameError: name '_is_arzplus_client' is not defined
2026-06-21 18:04:11,407 - RazTraderPlus - WARNING - event=OPEN_ORDERS_REFRESH_FAIL wallet=W2 err=NameError: name '_is_arzplus_client' is not defined
2026-06-21 18:04:11,423 - RazTraderPlus - WARNING - event=OPEN_ORDERS_REFRESH_FAIL wallet=W3 err=NameError: name '_is_arzplus_client' is not defined
2026-06-21 18:04:11,423 - RazTraderPlus - INFO - Logging initialized | dash=True
2026-06-21 18:04:11,423 - RazTraderPlus - WARNING - event=WALLET_TOKEN_MISSING wallet=W1
2026-06-21 18:04:11,423 - RazTraderPlus - WARNING - event=WALLET_DISABLED wallet=W1 reason=TOKEN_MISSING expiry_ts=0
2026-06-21 18:04:11,423 - RazTraderPlus - WARNING - event=WALLET_TOKEN_MISSING wallet=W2
2026-06-21 18:04:11,438 - RazTraderPlus - WARNING - event=WALLET_DISABLED wallet=W2 reason=TOKEN_MISSING expiry_ts=0
2026-06-21 18:04:11,438 - RazTraderPlus - WARNING - event=WALLET_TOKEN_MISSING wallet=W3
2026-06-21 18:04:11,438 - RazTraderPlus - WARNING - event=WALLET_DISABLED wallet=W3 reason=TOKEN_MISSING expiry_ts=0
2026-06-21 18:04:11,438 - RazTraderPlus - INFO - AdvancedAnalyticsEngine layers=5
2026-06-21 18:04:11,438 - RazTraderPlus - INFO - Advanced Analytics Engine: ENABLED
2026-06-21 18:04:11,438 - RazTraderPlus - WARNING - event=OPEN_ORDERS_REFRESH_FAIL wallet=W1 err=NameError: name '_is_arzplus_client' is not defined
2026-06-21 18:04:11,438 - RazTraderPlus - WARNING - event=OPEN_ORDERS_REFRESH_FAIL wallet=W2 err=NameError: name '_is_arzplus_client' is not defined
2026-06-21 18:04:11,438 - RazTraderPlus - WARNING - event=OPEN_ORDERS_REFRESH_FAIL wallet=W3 err=NameError: name '_is_arzplus_client' is not defined
2026-06-21 18:04:11,454 - RazTraderPlus - INFO - Logging initialized | dash=True
2026-06-21 18:04:11,454 - RazTraderPlus - WARNING - event=WALLET_TOKEN_MISSING wallet=W1
2026-06-21 18:04:11,454 - RazTraderPlus - WARNING - event=WALLET_DISABLED wallet=W1 reason=TOKEN_MISSING expiry_ts=0
2026-06-21 18:04:11,454 - RazTraderPlus - WARNING - event=WALLET_TOKEN_MISSING wallet=W2
2026-06-21 18:04:11,454 - RazTraderPlus - WARNING - event=WALLET_DISABLED wallet=W2 reason=TOKEN_MISSING expiry_ts=0
2026-06-21 18:04:11,454 - RazTraderPlus - WARNING - event=WALLET_TOKEN_MISSING wallet=W3
2026-06-21 18:04:11,454 - RazTraderPlus - WARNING - event=WALLET_DISABLED wallet=W3 reason=TOKEN_MISSING expiry_ts=0
2026-06-21 18:04:11,454 - RazTraderPlus - INFO - AdvancedAnalyticsEngine layers=5
2026-06-21 18:04:11,454 - RazTraderPlus - INFO - Advanced Analytics Engine: ENABLED
2026-06-21 18:04:11,470 - RazTraderPlus - WARNING - event=OPEN_ORDERS_REFRESH_FAIL wallet=W1 err=NameError: name '_is_arzplus_client' is not defined
2026-06-21 18:04:11,470 - RazTraderPlus - WARNING - event=OPEN_ORDERS_REFRESH_FAIL wallet=W2 err=NameError: name '_is_arzplus_client' is not defined
2026-06-21 18:04:11,470 - RazTraderPlus - WARNING - event=OPEN_ORDERS_REFRESH_FAIL wallet=W3 err=NameError: name '_is_arzplus_client' is not defined
2026-06-21 18:04:11,470 - RazTraderPlus - INFO - Logging initialized | dash=True
2026-06-21 18:04:11,470 - RazTraderPlus - WARNING - event=WALLET_TOKEN_MISSING wallet=W1
2026-06-21 18:04:11,485 - RazTraderPlus - WARNING - event=WALLET_DISABLED wallet=W1 reason=TOKEN_MISSING expiry_ts=0
2026-06-21 18:04:11,485 - RazTraderPlus - WARNING - event=WALLET_TOKEN_MISSING wallet=W2
2026-06-21 18:04:11,485 - RazTraderPlus - WARNING - event=WALLET_DISABLED wallet=W2 reason=TOKEN_MISSING expiry_ts=0
2026-06-21 18:04:11,485 - RazTraderPlus - WARNING - event=WALLET_TOKEN_MISSING wallet=W3
2026-06-21 18:04:11,485 - RazTraderPlus - WARNING - event=WALLET_DISABLED wallet=W3 reason=TOKEN_MISSING expiry_ts=0
2026-06-21 18:04:11,485 - RazTraderPlus - INFO - AdvancedAnalyticsEngine layers=5
2026-06-21 18:04:11,485 - RazTraderPlus - INFO - Advanced Analytics Engine: ENABLED
2026-06-21 18:04:11,492 - RazTraderPlus - WARNING - event=OPEN_ORDERS_REFRESH_FAIL wallet=W1 err=NameError: name '_is_arzplus_client' is not defined
2026-06-21 18:04:11,492 - RazTraderPlus - WARNING - event=OPEN_ORDERS_REFRESH_FAIL wallet=W2 err=NameError: name '_is_arzplus_client' is not defined
2026-06-21 18:04:11,492 - RazTraderPlus - WARNING - event=OPEN_ORDERS_REFRESH_FAIL wallet=W3 err=NameError: name '_is_arzplus_client' is not defined
2026-06-24 19:36:32,326 - RazTraderPlus - INFO - Logging initialized | dash=True
2026-06-24 19:36:32,341 - RazTraderPlus - WARNING - event=WALLET_TOKEN_MISSING wallet=W1
2026-06-24 19:36:32,341 - RazTraderPlus - WARNING - event=WALLET_DISABLED wallet=W1 reason=TOKEN_MISSING expiry_ts=0
2026-06-24 19:36:32,357 - RazTraderPlus - WARNING - event=WALLET_TOKEN_MISSING wallet=W2
2026-06-24 19:36:32,357 - RazTraderPlus - WARNING - event=WALLET_DISABLED wallet=W2 reason=TOKEN_MISSING expiry_ts=0
2026-06-24 19:36:32,357 - RazTraderPlus - WARNING - event=WALLET_TOKEN_MISSING wallet=W3
2026-06-24 19:36:32,357 - RazTraderPlus - WARNING - event=WALLET_DISABLED wallet=W3 reason=TOKEN_MISSING expiry_ts=0
2026-06-24 19:36:32,373 - RazTraderPlus - INFO - AdvancedAnalyticsEngine layers=5
2026-06-24 19:36:32,373 - RazTraderPlus - INFO - Advanced Analytics Engine: ENABLED
2026-06-24 19:36:32,388 - RazTraderPlus - WARNING - event=OPEN_ORDERS_REFRESH_FAIL wallet=W1 err=NameError: name '_is_arzplus_client' is not defined
2026-06-24 19:36:32,388 - RazTraderPlus - WARNING - event=OPEN_ORDERS_REFRESH_FAIL wallet=W2 err=NameError: name '_is_arzplus_client' is not defined
2026-06-24 19:36:32,388 - RazTraderPlus - WARNING - event=OPEN_ORDERS_REFRESH_FAIL wallet=W3 err=NameError: name '_is_arzplus_client' is not defined
2026-06-24 19:36:32,404 - RazTraderPlus - INFO - Logging initialized | dash=True
2026-06-24 19:36:32,410 - RazTraderPlus - WARNING - event=WALLET_TOKEN_MISSING wallet=W1
2026-06-24 19:36:32,410 - RazTraderPlus - WARNING - event=WALLET_DISABLED wallet=W1 reason=TOKEN_MISSING expiry_ts=0
2026-06-24 19:36:32,410 - RazTraderPlus - WARNING - event=WALLET_TOKEN_MISSING wallet=W2
2026-06-24 19:36:32,410 - RazTraderPlus - WARNING - event=WALLET_DISABLED wallet=W2 reason=TOKEN_MISSING expiry_ts=0
2026-06-24 19:36:32,410 - RazTraderPlus - WARNING - event=WALLET_TOKEN_MISSING wallet=W3
2026-06-24 19:36:32,410 - RazTraderPlus - WARNING - event=WALLET_DISABLED wallet=W3 reason=TOKEN_MISSING expiry_ts=0
2026-06-24 19:36:32,410 - RazTraderPlus - INFO - AdvancedAnalyticsEngine layers=5
2026-06-24 19:36:32,410 - RazTraderPlus - INFO - Advanced Analytics Engine: ENABLED
2026-06-24 19:36:32,410 - RazTraderPlus - WARNING - event=OPEN_ORDERS_REFRESH_FAIL wallet=W1 err=NameError: name '_is_arzplus_client' is not defined
2026-06-24 19:36:32,410 - RazTraderPlus - WARNING - event=OPEN_ORDERS_REFRESH_FAIL wallet=W2 err=NameError: name '_is_arzplus_client' is not defined
2026-06-24 19:36:32,410 - RazTraderPlus - WARNING - event=OPEN_ORDERS_REFRESH_FAIL wallet=W3 err=NameError: name '_is_arzplus_client' is not defined
2026-06-24 19:36:32,426 - RazTraderPlus - INFO - Logging initialized | dash=True
2026-06-24 19:36:32,426 - RazTraderPlus - WARNING - event=WALLET_TOKEN_MISSING wallet=W1
2026-06-24 19:36:32,426 - RazTraderPlus - WARNING - event=WALLET_DISABLED wallet=W1 reason=TOKEN_MISSING expiry_ts=0
2026-06-24 19:36:32,426 - RazTraderPlus - WARNING - event=WALLET_TOKEN_MISSING wallet=W2
2026-06-24 19:36:32,426 - RazTraderPlus - WARNING - event=WALLET_DISABLED wallet=W2 reason=TOKEN_MISSING expiry_ts=0
2026-06-24 19:36:32,426 - RazTraderPlus - WARNING - event=WALLET_TOKEN_MISSING wallet=W3
2026-06-24 19:36:32,426 - RazTraderPlus - WARNING - event=WALLET_DISABLED wallet=W3 reason=TOKEN_MISSING expiry_ts=0
2026-06-24 19:36:32,426 - RazTraderPlus - INFO - AdvancedAnalyticsEngine layers=5
2026-06-24 19:36:32,426 - RazTraderPlus - INFO - Advanced Analytics Engine: ENABLED
2026-06-24 19:36:32,442 - RazTraderPlus - WARNING - event=OPEN_ORDERS_REFRESH_FAIL wallet=W1 err=NameError: name '_is_arzplus_client' is not defined
2026-06-24 19:36:32,442 - RazTraderPlus - WARNING - event=OPEN_ORDERS_REFRESH_FAIL wallet=W2 err=NameError: name '_is_arzplus_client' is not defined
2026-06-24 19:36:32,442 - RazTraderPlus - WARNING - event=OPEN_ORDERS_REFRESH_FAIL wallet=W3 err=NameError: name '_is_arzplus_client' is not defined
2026-06-24 19:36:32,457 - RazTraderPlus - INFO - Logging initialized | dash=True
2026-06-24 19:36:32,457 - RazTraderPlus - WARNING - event=WALLET_TOKEN_MISSING wallet=W1
2026-06-24 19:36:32,457 - RazTraderPlus - WARNING - event=WALLET_DISABLED wallet=W1 reason=TOKEN_MISSING expiry_ts=0
2026-06-24 19:36:32,457 - RazTraderPlus - WARNING - event=WALLET_TOKEN_MISSING wallet=W2
2026-06-24 19:36:32,457 - RazTraderPlus - WARNING - event=WALLET_DISABLED wallet=W2 reason=TOKEN_MISSING expiry_ts=0
2026-06-24 19:36:32,457 - RazTraderPlus - WARNING - event=WALLET_TOKEN_MISSING wallet=W3
2026-06-24 19:36:32,457 - RazTraderPlus - WARNING - event=WALLET_DISABLED wallet=W3 reason=TOKEN_MISSING expiry_ts=0
2026-06-24 19:36:32,457 - RazTraderPlus - INFO - AdvancedAnalyticsEngine layers=5
2026-06-24 19:36:32,457 - RazTraderPlus - INFO - Advanced Analytics Engine: ENABLED
2026-06-24 19:36:32,457 - RazTraderPlus - WARNING - event=OPEN_ORDERS_REFRESH_FAIL wallet=W1 err=NameError: name '_is_arzplus_client' is not defined
2026-06-24 19:36:32,457 - RazTraderPlus - WARNING - event=OPEN_ORDERS_REFRESH_FAIL wallet=W2 err=NameError: name '_is_arzplus_client' is not defined
2026-06-24 19:36:32,457 - RazTraderPlus - WARNING - event=OPEN_ORDERS_REFRESH_FAIL wallet=W3 err=NameError: name '_is_arzplus_client' is not defined
2026-07-04 12:39:13,199 - RazTraderPlus - INFO - Logging initialized | dash=True
2026-07-04 12:39:13,236 - RazTraderPlus - WARNING - event=WALLET_TOKEN_MISSING wallet=W1
2026-07-04 12:39:13,236 - RazTraderPlus - WARNING - event=WALLET_DISABLED wallet=W1 reason=TOKEN_MISSING expiry_ts=0
2026-07-04 12:39:13,236 - RazTraderPlus - WARNING - event=WALLET_TOKEN_MISSING wallet=W2
2026-07-04 12:39:13,236 - RazTraderPlus - WARNING - event=WALLET_DISABLED wallet=W2 reason=TOKEN_MISSING expiry_ts=0
2026-07-04 12:39:13,236 - RazTraderPlus - WARNING - event=WALLET_TOKEN_MISSING wallet=W3
2026-07-04 12:39:13,236 - RazTraderPlus - WARNING - event=WALLET_DISABLED wallet=W3 reason=TOKEN_MISSING expiry_ts=0
2026-07-04 12:39:13,268 - RazTraderPlus - INFO - AdvancedAnalyticsEngine layers=5
2026-07-04 12:39:13,268 - RazTraderPlus - INFO - Advanced Analytics Engine: ENABLED
2026-07-04 12:39:13,283 - RazTraderPlus - WARNING - event=OPEN_ORDERS_REFRESH_FAIL wallet=W1 err=NameError: name '_is_arzplus_client' is not defined
2026-07-04 12:39:13,283 - RazTraderPlus - WARNING - event=OPEN_ORDERS_REFRESH_FAIL wallet=W2 err=NameError: name '_is_arzplus_client' is not defined
2026-07-04 12:39:13,283 - RazTraderPlus - WARNING - event=OPEN_ORDERS_REFRESH_FAIL wallet=W3 err=NameError: name '_is_arzplus_client' is not defined
2026-07-04 12:39:13,315 - RazTraderPlus - INFO - Logging initialized | dash=True
2026-07-04 12:39:13,315 - RazTraderPlus - WARNING - event=WALLET_TOKEN_MISSING wallet=W1
2026-07-04 12:39:13,315 - RazTraderPlus - WARNING - event=WALLET_DISABLED wallet=W1 reason=TOKEN_MISSING expiry_ts=0
2026-07-04 12:39:13,315 - RazTraderPlus - WARNING - event=WALLET_TOKEN_MISSING wallet=W2
2026-07-04 12:39:13,315 - RazTraderPlus - WARNING - event=WALLET_DISABLED wallet=W2 reason=TOKEN_MISSING expiry_ts=0
2026-07-04 12:39:13,315 - RazTraderPlus - WARNING - event=WALLET_TOKEN_MISSING wallet=W3
2026-07-04 12:39:13,315 - RazTraderPlus - WARNING - event=WALLET_DISABLED wallet=W3 reason=TOKEN_MISSING expiry_ts=0
2026-07-04 12:39:13,315 - RazTraderPlus - INFO - AdvancedAnalyticsEngine layers=5
2026-07-04 12:39:13,315 - RazTraderPlus - INFO - Advanced Analytics Engine: ENABLED
2026-07-04 12:39:13,330 - RazTraderPlus - WARNING - event=OPEN_ORDERS_REFRESH_FAIL wallet=W1 err=NameError: name '_is_arzplus_client' is not defined
2026-07-04 12:39:13,337 - RazTraderPlus - WARNING - event=OPEN_ORDERS_REFRESH_FAIL wallet=W2 err=NameError: name '_is_arzplus_client' is not defined
2026-07-04 12:39:13,337 - RazTraderPlus - WARNING - event=OPEN_ORDERS_REFRESH_FAIL wallet=W3 err=NameError: name '_is_arzplus_client' is not defined
2026-07-04 12:39:13,353 - RazTraderPlus - INFO - Logging initialized | dash=True
2026-07-04 12:39:13,353 - RazTraderPlus - WARNING - event=WALLET_TOKEN_MISSING wallet=W1
2026-07-04 12:39:13,353 - RazTraderPlus - WARNING - event=WALLET_DISABLED wallet=W1 reason=TOKEN_MISSING expiry_ts=0
2026-07-04 12:39:13,353 - RazTraderPlus - WARNING - event=WALLET_TOKEN_MISSING wallet=W2
2026-07-04 12:39:13,353 - RazTraderPlus - WARNING - event=WALLET_DISABLED wallet=W2 reason=TOKEN_MISSING expiry_ts=0
2026-07-04 12:39:13,353 - RazTraderPlus - WARNING - event=WALLET_TOKEN_MISSING wallet=W3
2026-07-04 12:39:13,353 - RazTraderPlus - WARNING - event=WALLET_DISABLED wallet=W3 reason=TOKEN_MISSING expiry_ts=0
2026-07-04 12:39:13,353 - RazTraderPlus - INFO - AdvancedAnalyticsEngine layers=5
2026-07-04 12:39:13,353 - RazTraderPlus - INFO - Advanced Analytics Engine: ENABLED
2026-07-04 12:39:13,368 - RazTraderPlus - WARNING - event=OPEN_ORDERS_REFRESH_FAIL wallet=W1 err=NameError: name '_is_arzplus_client' is not defined
2026-07-04 12:39:13,368 - RazTraderPlus - WARNING - event=OPEN_ORDERS_REFRESH_FAIL wallet=W2 err=NameError: name '_is_arzplus_client' is not defined
2026-07-04 12:39:13,368 - RazTraderPlus - WARNING - event=OPEN_ORDERS_REFRESH_FAIL wallet=W3 err=NameError: name '_is_arzplus_client' is not defined
2026-07-04 12:39:13,368 - RazTraderPlus - INFO - Logging initialized | dash=True
2026-07-04 12:39:13,368 - RazTraderPlus - WARNING - event=WALLET_TOKEN_MISSING wallet=W1
2026-07-04 12:39:13,368 - RazTraderPlus - WARNING - event=WALLET_DISABLED wallet=W1 reason=TOKEN_MISSING expiry_ts=0
2026-07-04 12:39:13,384 - RazTraderPlus - WARNING - event=WALLET_TOKEN_MISSING wallet=W2
2026-07-04 12:39:13,384 - RazTraderPlus - WARNING - event=WALLET_DISABLED wallet=W2 reason=TOKEN_MISSING expiry_ts=0
2026-07-04 12:39:13,384 - RazTraderPlus - WARNING - event=WALLET_TOKEN_MISSING wallet=W3
2026-07-04 12:39:13,384 - RazTraderPlus - WARNING - event=WALLET_DISABLED wallet=W3 reason=TOKEN_MISSING expiry_ts=0
2026-07-04 12:39:13,384 - RazTraderPlus - INFO - AdvancedAnalyticsEngine layers=5
2026-07-04 12:39:13,384 - RazTraderPlus - INFO - Advanced Analytics Engine: ENABLED
2026-07-04 12:39:13,384 - RazTraderPlus - WARNING - event=OPEN_ORDERS_REFRESH_FAIL wallet=W1 err=NameError: name '_is_arzplus_client' is not defined
2026-07-04 12:39:13,399 - RazTraderPlus - WARNING - event=OPEN_ORDERS_REFRESH_FAIL wallet=W2 err=NameError: name '_is_arzplus_client' is not defined
2026-07-04 12:39:13,399 - RazTraderPlus - WARNING - event=OPEN_ORDERS_REFRESH_FAIL wallet=W3 err=NameError: name '_is_arzplus_client' is not defined
2026-07-04 12:44:03,365 - RazTraderPlus - INFO - Logging initialized | dash=True
2026-07-04 12:44:03,365 - RazTraderPlus - WARNING - event=WALLET_TOKEN_MISSING wallet=W1
2026-07-04 12:44:03,365 - RazTraderPlus - WARNING - event=WALLET_DISABLED wallet=W1 reason=TOKEN_MISSING expiry_ts=0
2026-07-04 12:44:03,372 - RazTraderPlus - WARNING - event=WALLET_TOKEN_MISSING wallet=W2
2026-07-04 12:44:03,372 - RazTraderPlus - WARNING - event=WALLET_DISABLED wallet=W2 reason=TOKEN_MISSING expiry_ts=0
2026-07-04 12:44:03,372 - RazTraderPlus - WARNING - event=WALLET_TOKEN_MISSING wallet=W3
2026-07-04 12:44:03,372 - RazTraderPlus - WARNING - event=WALLET_DISABLED wallet=W3 reason=TOKEN_MISSING expiry_ts=0
2026-07-04 12:44:03,372 - RazTraderPlus - INFO - AdvancedAnalyticsEngine layers=5
2026-07-04 12:44:03,372 - RazTraderPlus - INFO - Advanced Analytics Engine: ENABLED
2026-07-04 12:44:03,372 - RazTraderPlus - WARNING - event=OPEN_ORDERS_REFRESH_FAIL wallet=W1 err=NameError: name '_is_arzplus_client' is not defined
2026-07-04 12:44:03,372 - RazTraderPlus - WARNING - event=OPEN_ORDERS_REFRESH_FAIL wallet=W2 err=NameError: name '_is_arzplus_client' is not defined
2026-07-04 12:44:03,372 - RazTraderPlus - WARNING - event=OPEN_ORDERS_REFRESH_FAIL wallet=W3 err=NameError: name '_is_arzplus_client' is not defined
2026-07-04 12:44:03,387 - RazTraderPlus - INFO - Logging initialized | dash=True
2026-07-04 12:44:03,387 - RazTraderPlus - WARNING - event=WALLET_TOKEN_MISSING wallet=W1
2026-07-04 12:44:03,387 - RazTraderPlus - WARNING - event=WALLET_DISABLED wallet=W1 reason=TOKEN_MISSING expiry_ts=0
2026-07-04 12:44:03,387 - RazTraderPlus - WARNING - event=WALLET_TOKEN_MISSING wallet=W2
2026-07-04 12:44:03,387 - RazTraderPlus - WARNING - event=WALLET_DISABLED wallet=W2 reason=TOKEN_MISSING expiry_ts=0
2026-07-04 12:44:03,387 - RazTraderPlus - WARNING - event=WALLET_TOKEN_MISSING wallet=W3
2026-07-04 12:44:03,387 - RazTraderPlus - WARNING - event=WALLET_DISABLED wallet=W3 reason=TOKEN_MISSING expiry_ts=0
2026-07-04 12:44:03,387 - RazTraderPlus - INFO - AdvancedAnalyticsEngine layers=5
2026-07-04 12:44:03,387 - RazTraderPlus - INFO - Advanced Analytics Engine: ENABLED
2026-07-04 12:44:03,387 - RazTraderPlus - WARNING - event=OPEN_ORDERS_REFRESH_FAIL wallet=W1 err=NameError: name '_is_arzplus_client' is not defined
2026-07-04 12:44:03,387 - RazTraderPlus - WARNING - event=OPEN_ORDERS_REFRESH_FAIL wallet=W2 err=NameError: name '_is_arzplus_client' is not defined
2026-07-04 12:44:03,387 - RazTraderPlus - WARNING - event=OPEN_ORDERS_REFRESH_FAIL wallet=W3 err=NameError: name '_is_arzplus_client' is not defined
2026-07-04 12:44:03,403 - RazTraderPlus - INFO - Logging initialized | dash=True
2026-07-04 12:44:03,403 - RazTraderPlus - WARNING - event=WALLET_TOKEN_MISSING wallet=W1
2026-07-04 12:44:03,403 - RazTraderPlus - WARNING - event=WALLET_DISABLED wallet=W1 reason=TOKEN_MISSING expiry_ts=0
2026-07-04 12:44:03,403 - RazTraderPlus - WARNING - event=WALLET_TOKEN_MISSING wallet=W2
2026-07-04 12:44:03,403 - RazTraderPlus - WARNING - event=WALLET_DISABLED wallet=W2 reason=TOKEN_MISSING expiry_ts=0
2026-07-04 12:44:03,403 - RazTraderPlus - WARNING - event=WALLET_TOKEN_MISSING wallet=W3
2026-07-04 12:44:03,403 - RazTraderPlus - WARNING - event=WALLET_DISABLED wallet=W3 reason=TOKEN_MISSING expiry_ts=0
2026-07-04 12:44:03,418 - RazTraderPlus - INFO - AdvancedAnalyticsEngine layers=5
2026-07-04 12:44:03,418 - RazTraderPlus - INFO - Advanced Analytics Engine: ENABLED
2026-07-04 12:44:03,418 - RazTraderPlus - WARNING - event=OPEN_ORDERS_REFRESH_FAIL wallet=W1 err=NameError: name '_is_arzplus_client' is not defined
2026-07-04 12:44:03,418 - RazTraderPlus - WARNING - event=OPEN_ORDERS_REFRESH_FAIL wallet=W2 err=NameError: name '_is_arzplus_client' is not defined
2026-07-04 12:44:03,418 - RazTraderPlus - WARNING - event=OPEN_ORDERS_REFRESH_FAIL wallet=W3 err=NameError: name '_is_arzplus_client' is not defined
2026-07-04 12:44:03,418 - RazTraderPlus - INFO - Logging initialized | dash=True
2026-07-04 12:44:03,434 - RazTraderPlus - WARNING - event=WALLET_TOKEN_MISSING wallet=W1
2026-07-04 12:44:03,434 - RazTraderPlus - WARNING - event=WALLET_DISABLED wallet=W1 reason=TOKEN_MISSING expiry_ts=0
2026-07-04 12:44:03,434 - RazTraderPlus - WARNING - event=WALLET_TOKEN_MISSING wallet=W2
2026-07-04 12:44:03,434 - RazTraderPlus - WARNING - event=WALLET_DISABLED wallet=W2 reason=TOKEN_MISSING expiry_ts=0
2026-07-04 12:44:03,434 - RazTraderPlus - WARNING - event=WALLET_TOKEN_MISSING wallet=W3
2026-07-04 12:44:03,434 - RazTraderPlus - WARNING - event=WALLET_DISABLED wallet=W3 reason=TOKEN_MISSING expiry_ts=0
2026-07-04 12:44:03,434 - RazTraderPlus - INFO - AdvancedAnalyticsEngine layers=5
2026-07-04 12:44:03,434 - RazTraderPlus - INFO - Advanced Analytics Engine: ENABLED
2026-07-04 12:44:03,434 - RazTraderPlus - WARNING - event=OPEN_ORDERS_REFRESH_FAIL wallet=W1 err=NameError: name '_is_arzplus_client' is not defined
2026-07-04 12:44:03,434 - RazTraderPlus - WARNING - event=OPEN_ORDERS_REFRESH_FAIL wallet=W2 err=NameError: name '_is_arzplus_client' is not defined
2026-07-04 12:44:03,434 - RazTraderPlus - WARNING - event=OPEN_ORDERS_REFRESH_FAIL wallet=W3 err=NameError: name '_is_arzplus_client' is not defined
2026-07-04 12:51:25,009 - RazTraderPlus - INFO - Logging initialized | dash=True
2026-07-04 12:51:25,009 - RazTraderPlus - WARNING - event=WALLET_TOKEN_MISSING wallet=W1
2026-07-04 12:51:25,009 - RazTraderPlus - WARNING - event=WALLET_DISABLED wallet=W1 reason=TOKEN_MISSING expiry_ts=0
2026-07-04 12:51:25,009 - RazTraderPlus - WARNING - event=WALLET_TOKEN_MISSING wallet=W2
2026-07-04 12:51:25,009 - RazTraderPlus - WARNING - event=WALLET_DISABLED wallet=W2 reason=TOKEN_MISSING expiry_ts=0
2026-07-04 12:51:25,009 - RazTraderPlus - WARNING - event=WALLET_TOKEN_MISSING wallet=W3
2026-07-04 12:51:25,009 - RazTraderPlus - WARNING - event=WALLET_DISABLED wallet=W3 reason=TOKEN_MISSING expiry_ts=0
2026-07-04 12:51:25,009 - RazTraderPlus - INFO - AdvancedAnalyticsEngine layers=5
2026-07-04 12:51:25,009 - RazTraderPlus - INFO - Advanced Analytics Engine: ENABLED
2026-07-04 12:51:25,009 - RazTraderPlus - WARNING - event=OPEN_ORDERS_REFRESH_FAIL wallet=W1 err=NameError: name '_is_arzplus_client' is not defined
2026-07-04 12:51:25,009 - RazTraderPlus - WARNING - event=OPEN_ORDERS_REFRESH_FAIL wallet=W2 err=NameError: name '_is_arzplus_client' is not defined
2026-07-04 12:51:25,009 - RazTraderPlus - WARNING - event=OPEN_ORDERS_REFRESH_FAIL wallet=W3 err=NameError: name '_is_arzplus_client' is not defined
2026-07-04 12:51:25,025 - RazTraderPlus - INFO - Logging initialized | dash=True
2026-07-04 12:51:25,025 - RazTraderPlus - WARNING - event=WALLET_TOKEN_MISSING wallet=W1
2026-07-04 12:51:25,025 - RazTraderPlus - WARNING - event=WALLET_DISABLED wallet=W1 reason=TOKEN_MISSING expiry_ts=0
2026-07-04 12:51:25,025 - RazTraderPlus - WARNING - event=WALLET_TOKEN_MISSING wallet=W2
2026-07-04 12:51:25,025 - RazTraderPlus - WARNING - event=WALLET_DISABLED wallet=W2 reason=TOKEN_MISSING expiry_ts=0
2026-07-04 12:51:25,025 - RazTraderPlus - WARNING - event=WALLET_TOKEN_MISSING wallet=W3
2026-07-04 12:51:25,025 - RazTraderPlus - WARNING - event=WALLET_DISABLED wallet=W3 reason=TOKEN_MISSING expiry_ts=0
2026-07-04 12:51:25,025 - RazTraderPlus - INFO - AdvancedAnalyticsEngine layers=5
2026-07-04 12:51:25,025 - RazTraderPlus - INFO - Advanced Analytics Engine: ENABLED
2026-07-04 12:51:25,040 - RazTraderPlus - WARNING - event=OPEN_ORDERS_REFRESH_FAIL wallet=W1 err=NameError: name '_is_arzplus_client' is not defined
2026-07-04 12:51:25,040 - RazTraderPlus - WARNING - event=OPEN_ORDERS_REFRESH_FAIL wallet=W2 err=NameError: name '_is_arzplus_client' is not defined
2026-07-04 12:51:25,040 - RazTraderPlus - WARNING - event=OPEN_ORDERS_REFRESH_FAIL wallet=W3 err=NameError: name '_is_arzplus_client' is not defined
2026-07-04 12:51:25,046 - RazTraderPlus - INFO - Logging initialized | dash=True
2026-07-04 12:51:25,046 - RazTraderPlus - WARNING - event=WALLET_TOKEN_MISSING wallet=W1
2026-07-04 12:51:25,046 - RazTraderPlus - WARNING - event=WALLET_DISABLED wallet=W1 reason=TOKEN_MISSING expiry_ts=0
2026-07-04 12:51:25,046 - RazTraderPlus - WARNING - event=WALLET_TOKEN_MISSING wallet=W2
2026-07-04 12:51:25,046 - RazTraderPlus - WARNING - event=WALLET_DISABLED wallet=W2 reason=TOKEN_MISSING expiry_ts=0
2026-07-04 12:51:25,046 - RazTraderPlus - WARNING - event=WALLET_TOKEN_MISSING wallet=W3
2026-07-04 12:51:25,046 - RazTraderPlus - WARNING - event=WALLET_DISABLED wallet=W3 reason=TOKEN_MISSING expiry_ts=0
2026-07-04 12:51:25,046 - RazTraderPlus - INFO - AdvancedAnalyticsEngine layers=5
2026-07-04 12:51:25,062 - RazTraderPlus - INFO - Advanced Analytics Engine: ENABLED
2026-07-04 12:51:25,062 - RazTraderPlus - WARNING - event=OPEN_ORDERS_REFRESH_FAIL wallet=W1 err=NameError: name '_is_arzplus_client' is not defined
2026-07-04 12:51:25,062 - RazTraderPlus - WARNING - event=OPEN_ORDERS_REFRESH_FAIL wallet=W2 err=NameError: name '_is_arzplus_client' is not defined
2026-07-04 12:51:25,062 - RazTraderPlus - WARNING - event=OPEN_ORDERS_REFRESH_FAIL wallet=W3 err=NameError: name '_is_arzplus_client' is not defined
2026-07-04 12:51:25,062 - RazTraderPlus - INFO - Logging initialized | dash=True
2026-07-04 12:51:25,078 - RazTraderPlus - WARNING - event=WALLET_TOKEN_MISSING wallet=W1
2026-07-04 12:51:25,078 - RazTraderPlus - WARNING - event=WALLET_DISABLED wallet=W1 reason=TOKEN_MISSING expiry_ts=0
2026-07-04 12:51:25,078 - RazTraderPlus - WARNING - event=WALLET_TOKEN_MISSING wallet=W2
2026-07-04 12:51:25,078 - RazTraderPlus - WARNING - event=WALLET_DISABLED wallet=W2 reason=TOKEN_MISSING expiry_ts=0
2026-07-04 12:51:25,078 - RazTraderPlus - WARNING - event=WALLET_TOKEN_MISSING wallet=W3
2026-07-04 12:51:25,078 - RazTraderPlus - WARNING - event=WALLET_DISABLED wallet=W3 reason=TOKEN_MISSING expiry_ts=0
2026-07-04 12:51:25,078 - RazTraderPlus - INFO - AdvancedAnalyticsEngine layers=5
2026-07-04 12:51:25,078 - RazTraderPlus - INFO - Advanced Analytics Engine: ENABLED
2026-07-04 12:51:25,078 - RazTraderPlus - WARNING - event=OPEN_ORDERS_REFRESH_FAIL wallet=W1 err=NameError: name '_is_arzplus_client' is not defined
2026-07-04 12:51:25,078 - RazTraderPlus - WARNING - event=OPEN_ORDERS_REFRESH_FAIL wallet=W2 err=NameError: name '_is_arzplus_client' is not defined
2026-07-04 12:51:25,093 - RazTraderPlus - WARNING - event=OPEN_ORDERS_REFRESH_FAIL wallet=W3 err=NameError: name '_is_arzplus_client' is not defined
2026-07-04 12:57:16,390 - RazTraderPlus - INFO - Logging initialized | dash=True
2026-07-04 12:57:16,390 - RazTraderPlus - WARNING - event=WALLET_TOKEN_MISSING wallet=W1
2026-07-04 12:57:16,390 - RazTraderPlus - WARNING - event=WALLET_DISABLED wallet=W1 reason=TOKEN_MISSING expiry_ts=0
2026-07-04 12:57:16,390 - RazTraderPlus - WARNING - event=WALLET_TOKEN_MISSING wallet=W2
2026-07-04 12:57:16,390 - RazTraderPlus - WARNING - event=WALLET_DISABLED wallet=W2 reason=TOKEN_MISSING expiry_ts=0
2026-07-04 12:57:16,390 - RazTraderPlus - WARNING - event=WALLET_TOKEN_MISSING wallet=W3
2026-07-04 12:57:16,390 - RazTraderPlus - WARNING - event=WALLET_DISABLED wallet=W3 reason=TOKEN_MISSING expiry_ts=0
2026-07-04 12:57:16,390 - RazTraderPlus - INFO - AdvancedAnalyticsEngine layers=5
2026-07-04 12:57:16,390 - RazTraderPlus - INFO - Advanced Analytics Engine: ENABLED
2026-07-04 12:57:16,390 - RazTraderPlus - WARNING - event=OPEN_ORDERS_REFRESH_FAIL wallet=W1 err=NameError: name '_is_arzplus_client' is not defined
2026-07-04 12:57:16,390 - RazTraderPlus - WARNING - event=OPEN_ORDERS_REFRESH_FAIL wallet=W2 err=NameError: name '_is_arzplus_client' is not defined
2026-07-04 12:57:16,390 - RazTraderPlus - WARNING - event=OPEN_ORDERS_REFRESH_FAIL wallet=W3 err=NameError: name '_is_arzplus_client' is not defined
2026-07-04 12:57:16,406 - RazTraderPlus - INFO - Logging initialized | dash=True
2026-07-04 12:57:16,406 - RazTraderPlus - WARNING - event=WALLET_TOKEN_MISSING wallet=W1
2026-07-04 12:57:16,406 - RazTraderPlus - WARNING - event=WALLET_DISABLED wallet=W1 reason=TOKEN_MISSING expiry_ts=0
2026-07-04 12:57:16,406 - RazTraderPlus - WARNING - event=WALLET_TOKEN_MISSING wallet=W2
2026-07-04 12:57:16,406 - RazTraderPlus - WARNING - event=WALLET_DISABLED wallet=W2 reason=TOKEN_MISSING expiry_ts=0
2026-07-04 12:57:16,406 - RazTraderPlus - WARNING - event=WALLET_TOKEN_MISSING wallet=W3
2026-07-04 12:57:16,406 - RazTraderPlus - WARNING - event=WALLET_DISABLED wallet=W3 reason=TOKEN_MISSING expiry_ts=0
2026-07-04 12:57:16,421 - RazTraderPlus - INFO - AdvancedAnalyticsEngine layers=5
2026-07-04 12:57:16,421 - RazTraderPlus - INFO - Advanced Analytics Engine: ENABLED
2026-07-04 12:57:16,421 - RazTraderPlus - WARNING - event=OPEN_ORDERS_REFRESH_FAIL wallet=W1 err=NameError: name '_is_arzplus_client' is not defined
2026-07-04 12:57:16,421 - RazTraderPlus - WARNING - event=OPEN_ORDERS_REFRESH_FAIL wallet=W2 err=NameError: name '_is_arzplus_client' is not defined
2026-07-04 12:57:16,421 - RazTraderPlus - WARNING - event=OPEN_ORDERS_REFRESH_FAIL wallet=W3 err=NameError: name '_is_arzplus_client' is not defined
2026-07-04 12:57:16,437 - RazTraderPlus - INFO - Logging initialized | dash=True
2026-07-04 12:57:16,437 - RazTraderPlus - WARNING - event=WALLET_TOKEN_MISSING wallet=W1
2026-07-04 12:57:16,437 - RazTraderPlus - WARNING - event=WALLET_DISABLED wallet=W1 reason=TOKEN_MISSING expiry_ts=0
2026-07-04 12:57:16,437 - RazTraderPlus - WARNING - event=WALLET_TOKEN_MISSING wallet=W2
2026-07-04 12:57:16,437 - RazTraderPlus - WARNING - event=WALLET_DISABLED wallet=W2 reason=TOKEN_MISSING expiry_ts=0
2026-07-04 12:57:16,437 - RazTraderPlus - WARNING - event=WALLET_TOKEN_MISSING wallet=W3
2026-07-04 12:57:16,437 - RazTraderPlus - WARNING - event=WALLET_DISABLED wallet=W3 reason=TOKEN_MISSING expiry_ts=0
2026-07-04 12:57:16,437 - RazTraderPlus - INFO - AdvancedAnalyticsEngine layers=5
2026-07-04 12:57:16,437 - RazTraderPlus - INFO - Advanced Analytics Engine: ENABLED
2026-07-04 12:57:16,437 - RazTraderPlus - WARNING - event=OPEN_ORDERS_REFRESH_FAIL wallet=W1 err=NameError: name '_is_arzplus_client' is not defined
2026-07-04 12:57:16,437 - RazTraderPlus - WARNING - event=OPEN_ORDERS_REFRESH_FAIL wallet=W2 err=NameError: name '_is_arzplus_client' is not defined
2026-07-04 12:57:16,437 - RazTraderPlus - WARNING - event=OPEN_ORDERS_REFRESH_FAIL wallet=W3 err=NameError: name '_is_arzplus_client' is not defined
2026-07-04 12:57:16,453 - RazTraderPlus - INFO - Logging initialized | dash=True
2026-07-04 12:57:16,453 - RazTraderPlus - WARNING - event=WALLET_TOKEN_MISSING wallet=W1
2026-07-04 12:57:16,453 - RazTraderPlus - WARNING - event=WALLET_DISABLED wallet=W1 reason=TOKEN_MISSING expiry_ts=0
2026-07-04 12:57:16,453 - RazTraderPlus - WARNING - event=WALLET_TOKEN_MISSING wallet=W2
2026-07-04 12:57:16,453 - RazTraderPlus - WARNING - event=WALLET_DISABLED wallet=W2 reason=TOKEN_MISSING expiry_ts=0
2026-07-04 12:57:16,453 - RazTraderPlus - WARNING - event=WALLET_TOKEN_MISSING wallet=W3
2026-07-04 12:57:16,453 - RazTraderPlus - WARNING - event=WALLET_DISABLED wallet=W3 reason=TOKEN_MISSING expiry_ts=0
2026-07-04 12:57:16,468 - RazTraderPlus - INFO - AdvancedAnalyticsEngine layers=5
2026-07-04 12:57:16,468 - RazTraderPlus - INFO - Advanced Analytics Engine: ENABLED
2026-07-04 12:57:16,468 - RazTraderPlus - WARNING - event=OPEN_ORDERS_REFRESH_FAIL wallet=W1 err=NameError: name '_is_arzplus_client' is not defined
2026-07-04 12:57:16,468 - RazTraderPlus - WARNING - event=OPEN_ORDERS_REFRESH_FAIL wallet=W2 err=NameError: name '_is_arzplus_client' is not defined
2026-07-04 12:57:16,468 - RazTraderPlus - WARNING - event=OPEN_ORDERS_REFRESH_FAIL wallet=W3 err=NameError: name '_is_arzplus_client' is not defined
2026-07-04 13:01:16,133 - RazTraderPlus - INFO - Logging initialized | dash=True
2026-07-04 13:01:16,133 - RazTraderPlus - WARNING - event=WALLET_TOKEN_MISSING wallet=W1
2026-07-04 13:01:16,133 - RazTraderPlus - WARNING - event=WALLET_DISABLED wallet=W1 reason=TOKEN_MISSING expiry_ts=0
2026-07-04 13:01:16,133 - RazTraderPlus - WARNING - event=WALLET_TOKEN_MISSING wallet=W2
2026-07-04 13:01:16,133 - RazTraderPlus - WARNING - event=WALLET_DISABLED wallet=W2 reason=TOKEN_MISSING expiry_ts=0
2026-07-04 13:01:16,133 - RazTraderPlus - WARNING - event=WALLET_TOKEN_MISSING wallet=W3
2026-07-04 13:01:16,133 - RazTraderPlus - WARNING - event=WALLET_DISABLED wallet=W3 reason=TOKEN_MISSING expiry_ts=0
2026-07-04 13:01:16,149 - RazTraderPlus - INFO - AdvancedAnalyticsEngine layers=5
2026-07-04 13:01:16,149 - RazTraderPlus - INFO - Advanced Analytics Engine: ENABLED
2026-07-04 13:01:16,149 - RazTraderPlus - WARNING - event=OPEN_ORDERS_REFRESH_FAIL wallet=W1 err=NameError: name '_is_arzplus_client' is not defined
2026-07-04 13:01:16,149 - RazTraderPlus - WARNING - event=OPEN_ORDERS_REFRESH_FAIL wallet=W2 err=NameError: name '_is_arzplus_client' is not defined
2026-07-04 13:01:16,149 - RazTraderPlus - WARNING - event=OPEN_ORDERS_REFRESH_FAIL wallet=W3 err=NameError: name '_is_arzplus_client' is not defined
2026-07-04 13:01:16,165 - RazTraderPlus - INFO - Logging initialized | dash=True
2026-07-04 13:01:16,165 - RazTraderPlus - WARNING - event=WALLET_TOKEN_MISSING wallet=W1
2026-07-04 13:01:16,165 - RazTraderPlus - WARNING - event=WALLET_DISABLED wallet=W1 reason=TOKEN_MISSING expiry_ts=0
2026-07-04 13:01:16,165 - RazTraderPlus - WARNING - event=WALLET_TOKEN_MISSING wallet=W2
2026-07-04 13:01:16,165 - RazTraderPlus - WARNING - event=WALLET_DISABLED wallet=W2 reason=TOKEN_MISSING expiry_ts=0
2026-07-04 13:01:16,165 - RazTraderPlus - WARNING - event=WALLET_TOKEN_MISSING wallet=W3
2026-07-04 13:01:16,165 - RazTraderPlus - WARNING - event=WALLET_DISABLED wallet=W3 reason=TOKEN_MISSING expiry_ts=0
2026-07-04 13:01:16,165 - RazTraderPlus - INFO - AdvancedAnalyticsEngine layers=5
2026-07-04 13:01:16,165 - RazTraderPlus - INFO - Advanced Analytics Engine: ENABLED
2026-07-04 13:01:16,165 - RazTraderPlus - WARNING - event=OPEN_ORDERS_REFRESH_FAIL wallet=W1 err=NameError: name '_is_arzplus_client' is not defined
2026-07-04 13:01:16,165 - RazTraderPlus - WARNING - event=OPEN_ORDERS_REFRESH_FAIL wallet=W2 err=NameError: name '_is_arzplus_client' is not defined
2026-07-04 13:01:16,165 - RazTraderPlus - WARNING - event=OPEN_ORDERS_REFRESH_FAIL wallet=W3 err=NameError: name '_is_arzplus_client' is not defined
2026-07-04 13:01:16,180 - RazTraderPlus - INFO - Logging initialized | dash=True
2026-07-04 13:01:16,180 - RazTraderPlus - WARNING - event=WALLET_TOKEN_MISSING wallet=W1
2026-07-04 13:01:16,180 - RazTraderPlus - WARNING - event=WALLET_DISABLED wallet=W1 reason=TOKEN_MISSING expiry_ts=0
2026-07-04 13:01:16,180 - RazTraderPlus - WARNING - event=WALLET_TOKEN_MISSING wallet=W2
2026-07-04 13:01:16,180 - RazTraderPlus - WARNING - event=WALLET_DISABLED wallet=W2 reason=TOKEN_MISSING expiry_ts=0
2026-07-04 13:01:16,180 - RazTraderPlus - WARNING - event=WALLET_TOKEN_MISSING wallet=W3
2026-07-04 13:01:16,180 - RazTraderPlus - WARNING - event=WALLET_DISABLED wallet=W3 reason=TOKEN_MISSING expiry_ts=0
2026-07-04 13:01:16,180 - RazTraderPlus - INFO - AdvancedAnalyticsEngine layers=5
2026-07-04 13:01:16,180 - RazTraderPlus - INFO - Advanced Analytics Engine: ENABLED
2026-07-04 13:01:16,196 - RazTraderPlus - WARNING - event=OPEN_ORDERS_REFRESH_FAIL wallet=W1 err=NameError: name '_is_arzplus_client' is not defined
2026-07-04 13:01:16,196 - RazTraderPlus - WARNING - event=OPEN_ORDERS_REFRESH_FAIL wallet=W2 err=NameError: name '_is_arzplus_client' is not defined
2026-07-04 13:01:16,196 - RazTraderPlus - WARNING - event=OPEN_ORDERS_REFRESH_FAIL wallet=W3 err=NameError: name '_is_arzplus_client' is not defined
2026-07-04 13:01:16,202 - RazTraderPlus - INFO - Logging initialized | dash=True
2026-07-04 13:01:16,202 - RazTraderPlus - WARNING - event=WALLET_TOKEN_MISSING wallet=W1
2026-07-04 13:01:16,202 - RazTraderPlus - WARNING - event=WALLET_DISABLED wallet=W1 reason=TOKEN_MISSING expiry_ts=0
2026-07-04 13:01:16,202 - RazTraderPlus - WARNING - event=WALLET_TOKEN_MISSING wallet=W2
2026-07-04 13:01:16,202 - RazTraderPlus - WARNING - event=WALLET_DISABLED wallet=W2 reason=TOKEN_MISSING expiry_ts=0
2026-07-04 13:01:16,202 - RazTraderPlus - WARNING - event=WALLET_TOKEN_MISSING wallet=W3
2026-07-04 13:01:16,202 - RazTraderPlus - WARNING - event=WALLET_DISABLED wallet=W3 reason=TOKEN_MISSING expiry_ts=0
2026-07-04 13:01:16,202 - RazTraderPlus - INFO - AdvancedAnalyticsEngine layers=5
2026-07-04 13:01:16,202 - RazTraderPlus - INFO - Advanced Analytics Engine: ENABLED
2026-07-04 13:01:16,218 - RazTraderPlus - WARNING - event=OPEN_ORDERS_REFRESH_FAIL wallet=W1 err=NameError: name '_is_arzplus_client' is not defined
2026-07-04 13:01:16,218 - RazTraderPlus - WARNING - event=OPEN_ORDERS_REFRESH_FAIL wallet=W2 err=NameError: name '_is_arzplus_client' is not defined
2026-07-04 13:01:16,218 - RazTraderPlus - WARNING - event=OPEN_ORDERS_REFRESH_FAIL wallet=W3 err=NameError: name '_is_arzplus_client' is not defined
2026-07-04 13:16:49,505 - RazTraderPlus - INFO - Logging initialized | dash=True
2026-07-04 13:16:49,505 - RazTraderPlus - WARNING - event=WALLET_TOKEN_MISSING wallet=W1
2026-07-04 13:16:49,505 - RazTraderPlus - WARNING - event=WALLET_DISABLED wallet=W1 reason=TOKEN_MISSING expiry_ts=0
2026-07-04 13:16:49,505 - RazTraderPlus - WARNING - event=WALLET_TOKEN_MISSING wallet=W2
2026-07-04 13:16:49,505 - RazTraderPlus - WARNING - event=WALLET_DISABLED wallet=W2 reason=TOKEN_MISSING expiry_ts=0
2026-07-04 13:16:49,520 - RazTraderPlus - WARNING - event=WALLET_TOKEN_MISSING wallet=W3
2026-07-04 13:16:49,520 - RazTraderPlus - WARNING - event=WALLET_DISABLED wallet=W3 reason=TOKEN_MISSING expiry_ts=0
2026-07-04 13:16:49,520 - RazTraderPlus - INFO - AdvancedAnalyticsEngine layers=5
2026-07-04 13:16:49,520 - RazTraderPlus - INFO - Advanced Analytics Engine: ENABLED
2026-07-04 13:16:49,526 - RazTraderPlus - WARNING - event=OPEN_ORDERS_REFRESH_FAIL wallet=W1 err=NameError: name '_is_arzplus_client' is not defined
2026-07-04 13:16:49,526 - RazTraderPlus - WARNING - event=OPEN_ORDERS_REFRESH_FAIL wallet=W2 err=NameError: name '_is_arzplus_client' is not defined
2026-07-04 13:16:49,526 - RazTraderPlus - WARNING - event=OPEN_ORDERS_REFRESH_FAIL wallet=W3 err=NameError: name '_is_arzplus_client' is not defined
2026-07-04 13:16:49,526 - RazTraderPlus - INFO - Logging initialized | dash=True
2026-07-04 13:16:49,526 - RazTraderPlus - WARNING - event=WALLET_TOKEN_MISSING wallet=W1
2026-07-04 13:16:49,526 - RazTraderPlus - WARNING - event=WALLET_DISABLED wallet=W1 reason=TOKEN_MISSING expiry_ts=0
2026-07-04 13:16:49,541 - RazTraderPlus - WARNING - event=WALLET_TOKEN_MISSING wallet=W2
2026-07-04 13:16:49,541 - RazTraderPlus - WARNING - event=WALLET_DISABLED wallet=W2 reason=TOKEN_MISSING expiry_ts=0
2026-07-04 13:16:49,541 - RazTraderPlus - WARNING - event=WALLET_TOKEN_MISSING wallet=W3
2026-07-04 13:16:49,541 - RazTraderPlus - WARNING - event=WALLET_DISABLED wallet=W3 reason=TOKEN_MISSING expiry_ts=0
2026-07-04 13:16:49,541 - RazTraderPlus - INFO - AdvancedAnalyticsEngine layers=5
2026-07-04 13:16:49,541 - RazTraderPlus - INFO - Advanced Analytics Engine: ENABLED
2026-07-04 13:16:49,541 - RazTraderPlus - WARNING - event=OPEN_ORDERS_REFRESH_FAIL wallet=W1 err=NameError: name '_is_arzplus_client' is not defined
2026-07-04 13:16:49,541 - RazTraderPlus - WARNING - event=OPEN_ORDERS_REFRESH_FAIL wallet=W2 err=NameError: name '_is_arzplus_client' is not defined
2026-07-04 13:16:49,541 - RazTraderPlus - WARNING - event=OPEN_ORDERS_REFRESH_FAIL wallet=W3 err=NameError: name '_is_arzplus_client' is not defined
2026-07-04 13:16:49,557 - RazTraderPlus - INFO - Logging initialized | dash=True
2026-07-04 13:16:49,557 - RazTraderPlus - WARNING - event=WALLET_TOKEN_MISSING wallet=W1
2026-07-04 13:16:49,557 - RazTraderPlus - WARNING - event=WALLET_DISABLED wallet=W1 reason=TOKEN_MISSING expiry_ts=0
2026-07-04 13:16:49,557 - RazTraderPlus - WARNING - event=WALLET_TOKEN_MISSING wallet=W2
2026-07-04 13:16:49,557 - RazTraderPlus - WARNING - event=WALLET_DISABLED wallet=W2 reason=TOKEN_MISSING expiry_ts=0
2026-07-04 13:16:49,557 - RazTraderPlus - WARNING - event=WALLET_TOKEN_MISSING wallet=W3
2026-07-04 13:16:49,557 - RazTraderPlus - WARNING - event=WALLET_DISABLED wallet=W3 reason=TOKEN_MISSING expiry_ts=0
2026-07-04 13:16:49,557 - RazTraderPlus - INFO - AdvancedAnalyticsEngine layers=5
2026-07-04 13:16:49,557 - RazTraderPlus - INFO - Advanced Analytics Engine: ENABLED
2026-07-04 13:16:49,557 - RazTraderPlus - WARNING - event=OPEN_ORDERS_REFRESH_FAIL wallet=W1 err=NameError: name '_is_arzplus_client' is not defined
2026-07-04 13:16:49,557 - RazTraderPlus - WARNING - event=OPEN_ORDERS_REFRESH_FAIL wallet=W2 err=NameError: name '_is_arzplus_client' is not defined
2026-07-04 13:16:49,573 - RazTraderPlus - WARNING - event=OPEN_ORDERS_REFRESH_FAIL wallet=W3 err=NameError: name '_is_arzplus_client' is not defined
2026-07-04 13:16:49,573 - RazTraderPlus - INFO - Logging initialized | dash=True
2026-07-04 13:16:49,573 - RazTraderPlus - WARNING - event=WALLET_TOKEN_MISSING wallet=W1
2026-07-04 13:16:49,573 - RazTraderPlus - WARNING - event=WALLET_DISABLED wallet=W1 reason=TOKEN_MISSING expiry_ts=0
2026-07-04 13:16:49,573 - RazTraderPlus - WARNING - event=WALLET_TOKEN_MISSING wallet=W2
2026-07-04 13:16:49,573 - RazTraderPlus - WARNING - event=WALLET_DISABLED wallet=W2 reason=TOKEN_MISSING expiry_ts=0
2026-07-04 13:16:49,573 - RazTraderPlus - WARNING - event=WALLET_TOKEN_MISSING wallet=W3
2026-07-04 13:16:49,573 - RazTraderPlus - WARNING - event=WALLET_DISABLED wallet=W3 reason=TOKEN_MISSING expiry_ts=0
2026-07-04 13:16:49,588 - RazTraderPlus - INFO - AdvancedAnalyticsEngine layers=5
2026-07-04 13:16:49,588 - RazTraderPlus - INFO - Advanced Analytics Engine: ENABLED
2026-07-04 13:16:49,588 - RazTraderPlus - WARNING - event=OPEN_ORDERS_REFRESH_FAIL wallet=W1 err=NameError: name '_is_arzplus_client' is not defined
2026-07-04 13:16:49,588 - RazTraderPlus - WARNING - event=OPEN_ORDERS_REFRESH_FAIL wallet=W2 err=NameError: name '_is_arzplus_client' is not defined
2026-07-04 13:16:49,588 - RazTraderPlus - WARNING - event=OPEN_ORDERS_REFRESH_FAIL wallet=W3 err=NameError: name '_is_arzplus_client' is not defined
2026-07-04 13:20:58,123 - RazTraderPlus - INFO - Logging initialized | dash=True
2026-07-04 13:20:58,129 - RazTraderPlus - WARNING - event=WALLET_TOKEN_MISSING wallet=W1
2026-07-04 13:20:58,130 - RazTraderPlus - WARNING - event=WALLET_DISABLED wallet=W1 reason=TOKEN_MISSING expiry_ts=0
2026-07-04 13:20:58,132 - RazTraderPlus - WARNING - event=WALLET_TOKEN_MISSING wallet=W2
2026-07-04 13:20:58,134 - RazTraderPlus - WARNING - event=WALLET_DISABLED wallet=W2 reason=TOKEN_MISSING expiry_ts=0
2026-07-04 13:20:58,136 - RazTraderPlus - WARNING - event=WALLET_TOKEN_MISSING wallet=W3
2026-07-04 13:20:58,137 - RazTraderPlus - WARNING - event=WALLET_DISABLED wallet=W3 reason=TOKEN_MISSING expiry_ts=0
2026-07-04 13:20:58,140 - RazTraderPlus - INFO - AdvancedAnalyticsEngine layers=5
2026-07-04 13:20:58,141 - RazTraderPlus - INFO - Advanced Analytics Engine: ENABLED
2026-07-04 13:20:58,145 - RazTraderPlus - WARNING - event=OPEN_ORDERS_REFRESH_FAIL wallet=W1 err=NameError: name '_is_arzplus_client' is not defined
2026-07-04 13:20:58,147 - RazTraderPlus - WARNING - event=OPEN_ORDERS_REFRESH_FAIL wallet=W2 err=NameError: name '_is_arzplus_client' is not defined
2026-07-04 13:20:58,147 - RazTraderPlus - WARNING - event=OPEN_ORDERS_REFRESH_FAIL wallet=W3 err=NameError: name '_is_arzplus_client' is not defined
2026-07-04 13:20:58,166 - RazTraderPlus - INFO - Logging initialized | dash=True
2026-07-04 13:20:58,168 - RazTraderPlus - WARNING - event=WALLET_TOKEN_MISSING wallet=W1
2026-07-04 13:20:58,169 - RazTraderPlus - WARNING - event=WALLET_DISABLED wallet=W1 reason=TOKEN_MISSING expiry_ts=0
2026-07-04 13:20:58,171 - RazTraderPlus - WARNING - event=WALLET_TOKEN_MISSING wallet=W2
2026-07-04 13:20:58,172 - RazTraderPlus - WARNING - event=WALLET_DISABLED wallet=W2 reason=TOKEN_MISSING expiry_ts=0
2026-07-04 13:20:58,175 - RazTraderPlus - WARNING - event=WALLET_TOKEN_MISSING wallet=W3
2026-07-04 13:20:58,177 - RazTraderPlus - WARNING - event=WALLET_DISABLED wallet=W3 reason=TOKEN_MISSING expiry_ts=0
2026-07-04 13:20:58,179 - RazTraderPlus - INFO - AdvancedAnalyticsEngine layers=5
2026-07-04 13:20:58,180 - RazTraderPlus - INFO - Advanced Analytics Engine: ENABLED
2026-07-04 13:20:58,186 - RazTraderPlus - WARNING - event=OPEN_ORDERS_REFRESH_FAIL wallet=W1 err=NameError: name '_is_arzplus_client' is not defined
2026-07-04 13:20:58,187 - RazTraderPlus - WARNING - event=OPEN_ORDERS_REFRESH_FAIL wallet=W2 err=NameError: name '_is_arzplus_client' is not defined
2026-07-04 13:20:58,188 - RazTraderPlus - WARNING - event=OPEN_ORDERS_REFRESH_FAIL wallet=W3 err=NameError: name '_is_arzplus_client' is not defined
2026-07-04 13:20:58,214 - RazTraderPlus - INFO - Logging initialized | dash=True
2026-07-04 13:20:58,216 - RazTraderPlus - WARNING - event=WALLET_TOKEN_MISSING wallet=W1
2026-07-04 13:20:58,217 - RazTraderPlus - WARNING - event=WALLET_DISABLED wallet=W1 reason=TOKEN_MISSING expiry_ts=0
2026-07-04 13:20:58,219 - RazTraderPlus - WARNING - event=WALLET_TOKEN_MISSING wallet=W2
2026-07-04 13:20:58,220 - RazTraderPlus - WARNING - event=WALLET_DISABLED wallet=W2 reason=TOKEN_MISSING expiry_ts=0
2026-07-04 13:20:58,222 - RazTraderPlus - WARNING - event=WALLET_TOKEN_MISSING wallet=W3
2026-07-04 13:20:58,223 - RazTraderPlus - WARNING - event=WALLET_DISABLED wallet=W3 reason=TOKEN_MISSING expiry_ts=0
2026-07-04 13:20:58,226 - RazTraderPlus - INFO - AdvancedAnalyticsEngine layers=5
2026-07-04 13:20:58,228 - RazTraderPlus - INFO - Advanced Analytics Engine: ENABLED
2026-07-04 13:20:58,233 - RazTraderPlus - WARNING - event=OPEN_ORDERS_REFRESH_FAIL wallet=W1 err=NameError: name '_is_arzplus_client' is not defined
2026-07-04 13:20:58,236 - RazTraderPlus - WARNING - event=OPEN_ORDERS_REFRESH_FAIL wallet=W2 err=NameError: name '_is_arzplus_client' is not defined
2026-07-04 13:20:58,237 - RazTraderPlus - WARNING - event=OPEN_ORDERS_REFRESH_FAIL wallet=W3 err=NameError: name '_is_arzplus_client' is not defined
2026-07-04 13:20:58,260 - RazTraderPlus - INFO - Logging initialized | dash=True
2026-07-04 13:20:58,260 - RazTraderPlus - WARNING - event=WALLET_TOKEN_MISSING wallet=W1
2026-07-04 13:20:58,260 - RazTraderPlus - WARNING - event=WALLET_DISABLED wallet=W1 reason=TOKEN_MISSING expiry_ts=0
2026-07-04 13:20:58,260 - RazTraderPlus - WARNING - event=WALLET_TOKEN_MISSING wallet=W2
2026-07-04 13:20:58,269 - RazTraderPlus - WARNING - event=WALLET_DISABLED wallet=W2 reason=TOKEN_MISSING expiry_ts=0
2026-07-04 13:20:58,271 - RazTraderPlus - WARNING - event=WALLET_TOKEN_MISSING wallet=W3
2026-07-04 13:20:58,271 - RazTraderPlus - WARNING - event=WALLET_DISABLED wallet=W3 reason=TOKEN_MISSING expiry_ts=0
2026-07-04 13:20:58,275 - RazTraderPlus - INFO - AdvancedAnalyticsEngine layers=5
2026-07-04 13:20:58,276 - RazTraderPlus - INFO - Advanced Analytics Engine: ENABLED
2026-07-04 13:20:58,281 - RazTraderPlus - WARNING - event=OPEN_ORDERS_REFRESH_FAIL wallet=W1 err=NameError: name '_is_arzplus_client' is not defined
2026-07-04 13:20:58,283 - RazTraderPlus - WARNING - event=OPEN_ORDERS_REFRESH_FAIL wallet=W2 err=NameError: name '_is_arzplus_client' is not defined
2026-07-04 13:20:58,284 - RazTraderPlus - WARNING - event=OPEN_ORDERS_REFRESH_FAIL wallet=W3 err=NameError: name '_is_arzplus_client' is not defined
2026-07-05 01:48:26,650 - RazTraderPlus - INFO - Logging initialized | dash=True
2026-07-05 01:48:26,681 - RazTraderPlus - WARNING - event=WALLET_TOKEN_MISSING wallet=W1
2026-07-05 01:48:26,681 - RazTraderPlus - WARNING - event=WALLET_DISABLED wallet=W1 reason=TOKEN_MISSING expiry_ts=0
2026-07-05 01:48:26,681 - RazTraderPlus - WARNING - event=WALLET_TOKEN_MISSING wallet=W2
2026-07-05 01:48:26,681 - RazTraderPlus - WARNING - event=WALLET_DISABLED wallet=W2 reason=TOKEN_MISSING expiry_ts=0
2026-07-05 01:48:26,681 - RazTraderPlus - WARNING - event=WALLET_TOKEN_MISSING wallet=W3
2026-07-05 01:48:26,681 - RazTraderPlus - WARNING - event=WALLET_DISABLED wallet=W3 reason=TOKEN_MISSING expiry_ts=0
2026-07-05 01:48:26,681 - RazTraderPlus - INFO - AdvancedAnalyticsEngine layers=5
2026-07-05 01:48:26,681 - RazTraderPlus - INFO - Advanced Analytics Engine: ENABLED
2026-07-05 01:48:26,697 - RazTraderPlus - WARNING - event=OPEN_ORDERS_REFRESH_FAIL wallet=W1 err=NameError: name '_is_arzplus_client' is not defined
2026-07-05 01:48:26,697 - RazTraderPlus - WARNING - event=OPEN_ORDERS_REFRESH_FAIL wallet=W2 err=NameError: name '_is_arzplus_client' is not defined
2026-07-05 01:48:26,697 - RazTraderPlus - WARNING - event=OPEN_ORDERS_REFRESH_FAIL wallet=W3 err=NameError: name '_is_arzplus_client' is not defined
2026-07-05 01:48:26,703 - RazTraderPlus - INFO - Logging initialized | dash=True
2026-07-05 01:48:26,703 - RazTraderPlus - WARNING - event=WALLET_TOKEN_MISSING wallet=W1
2026-07-05 01:48:26,703 - RazTraderPlus - WARNING - event=WALLET_DISABLED wallet=W1 reason=TOKEN_MISSING expiry_ts=0
2026-07-05 01:48:26,703 - RazTraderPlus - WARNING - event=WALLET_TOKEN_MISSING wallet=W2
2026-07-05 01:48:26,703 - RazTraderPlus - WARNING - event=WALLET_DISABLED wallet=W2 reason=TOKEN_MISSING expiry_ts=0
2026-07-05 01:48:26,703 - RazTraderPlus - WARNING - event=WALLET_TOKEN_MISSING wallet=W3
2026-07-05 01:48:26,703 - RazTraderPlus - WARNING - event=WALLET_DISABLED wallet=W3 reason=TOKEN_MISSING expiry_ts=0
2026-07-05 01:48:26,703 - RazTraderPlus - INFO - AdvancedAnalyticsEngine layers=5
2026-07-05 01:48:26,719 - RazTraderPlus - INFO - Advanced Analytics Engine: ENABLED
2026-07-05 01:48:26,719 - RazTraderPlus - WARNING - event=OPEN_ORDERS_REFRESH_FAIL wallet=W1 err=NameError: name '_is_arzplus_client' is not defined
2026-07-05 01:48:26,719 - RazTraderPlus - WARNING - event=OPEN_ORDERS_REFRESH_FAIL wallet=W2 err=NameError: name '_is_arzplus_client' is not defined
2026-07-05 01:48:26,719 - RazTraderPlus - WARNING - event=OPEN_ORDERS_REFRESH_FAIL wallet=W3 err=NameError: name '_is_arzplus_client' is not defined
2026-07-05 01:48:26,735 - RazTraderPlus - INFO - Logging initialized | dash=True
2026-07-05 01:48:26,735 - RazTraderPlus - WARNING - event=WALLET_TOKEN_MISSING wallet=W1
2026-07-05 01:48:26,735 - RazTraderPlus - WARNING - event=WALLET_DISABLED wallet=W1 reason=TOKEN_MISSING expiry_ts=0
2026-07-05 01:48:26,735 - RazTraderPlus - WARNING - event=WALLET_TOKEN_MISSING wallet=W2
2026-07-05 01:48:26,735 - RazTraderPlus - WARNING - event=WALLET_DISABLED wallet=W2 reason=TOKEN_MISSING expiry_ts=0
2026-07-05 01:48:26,735 - RazTraderPlus - WARNING - event=WALLET_TOKEN_MISSING wallet=W3
2026-07-05 01:48:26,735 - RazTraderPlus - WARNING - event=WALLET_DISABLED wallet=W3 reason=TOKEN_MISSING expiry_ts=0
2026-07-05 01:48:26,735 - RazTraderPlus - INFO - AdvancedAnalyticsEngine layers=5
2026-07-05 01:48:26,735 - RazTraderPlus - INFO - Advanced Analytics Engine: ENABLED
2026-07-05 01:48:26,735 - RazTraderPlus - WARNING - event=OPEN_ORDERS_REFRESH_FAIL wallet=W1 err=NameError: name '_is_arzplus_client' is not defined
2026-07-05 01:48:26,735 - RazTraderPlus - WARNING - event=OPEN_ORDERS_REFRESH_FAIL wallet=W2 err=NameError: name '_is_arzplus_client' is not defined
2026-07-05 01:48:26,735 - RazTraderPlus - WARNING - event=OPEN_ORDERS_REFRESH_FAIL wallet=W3 err=NameError: name '_is_arzplus_client' is not defined
2026-07-05 01:48:26,750 - RazTraderPlus - INFO - Logging initialized | dash=True
2026-07-05 01:48:26,750 - RazTraderPlus - WARNING - event=WALLET_TOKEN_MISSING wallet=W1
2026-07-05 01:48:26,750 - RazTraderPlus - WARNING - event=WALLET_DISABLED wallet=W1 reason=TOKEN_MISSING expiry_ts=0
2026-07-05 01:48:26,750 - RazTraderPlus - WARNING - event=WALLET_TOKEN_MISSING wallet=W2
2026-07-05 01:48:26,750 - RazTraderPlus - WARNING - event=WALLET_DISABLED wallet=W2 reason=TOKEN_MISSING expiry_ts=0
2026-07-05 01:48:26,750 - RazTraderPlus - WARNING - event=WALLET_TOKEN_MISSING wallet=W3
2026-07-05 01:48:26,750 - RazTraderPlus - WARNING - event=WALLET_DISABLED wallet=W3 reason=TOKEN_MISSING expiry_ts=0
2026-07-05 01:48:26,766 - RazTraderPlus - INFO - AdvancedAnalyticsEngine layers=5
2026-07-05 01:48:26,766 - RazTraderPlus - INFO - Advanced Analytics Engine: ENABLED
2026-07-05 01:48:26,766 - RazTraderPlus - WARNING - event=OPEN_ORDERS_REFRESH_FAIL wallet=W1 err=NameError: name '_is_arzplus_client' is not defined
2026-07-05 01:48:26,766 - RazTraderPlus - WARNING - event=OPEN_ORDERS_REFRESH_FAIL wallet=W2 err=NameError: name '_is_arzplus_client' is not defined
2026-07-05 01:48:26,766 - RazTraderPlus - WARNING - event=OPEN_ORDERS_REFRESH_FAIL wallet=W3 err=NameError: name '_is_arzplus_client' is not defined
2026-07-05 02:45:08,866 - RazTraderPlus - INFO - Logging initialized | dash=True
2026-07-05 02:45:08,866 - RazTraderPlus - WARNING - event=WALLET_TOKEN_MISSING wallet=W1
2026-07-05 02:45:08,866 - RazTraderPlus - WARNING - event=WALLET_DISABLED wallet=W1 reason=TOKEN_MISSING expiry_ts=0
2026-07-05 02:45:08,866 - RazTraderPlus - WARNING - event=WALLET_TOKEN_MISSING wallet=W2
2026-07-05 02:45:08,866 - RazTraderPlus - WARNING - event=WALLET_DISABLED wallet=W2 reason=TOKEN_MISSING expiry_ts=0
2026-07-05 02:45:08,866 - RazTraderPlus - WARNING - event=WALLET_TOKEN_MISSING wallet=W3
2026-07-05 02:45:08,866 - RazTraderPlus - WARNING - event=WALLET_DISABLED wallet=W3 reason=TOKEN_MISSING expiry_ts=0
2026-07-05 02:45:08,881 - RazTraderPlus - INFO - AdvancedAnalyticsEngine layers=5
2026-07-05 02:45:08,881 - RazTraderPlus - INFO - Advanced Analytics Engine: ENABLED
2026-07-05 02:45:08,881 - RazTraderPlus - WARNING - event=OPEN_ORDERS_REFRESH_FAIL wallet=W1 err=NameError: name '_is_arzplus_client' is not defined
2026-07-05 02:45:08,881 - RazTraderPlus - WARNING - event=OPEN_ORDERS_REFRESH_FAIL wallet=W2 err=NameError: name '_is_arzplus_client' is not defined
2026-07-05 02:45:08,881 - RazTraderPlus - WARNING - event=OPEN_ORDERS_REFRESH_FAIL wallet=W3 err=NameError: name '_is_arzplus_client' is not defined
2026-07-05 02:45:08,897 - RazTraderPlus - INFO - Logging initialized | dash=True
2026-07-05 02:45:08,897 - RazTraderPlus - WARNING - event=WALLET_TOKEN_MISSING wallet=W1
2026-07-05 02:45:08,897 - RazTraderPlus - WARNING - event=WALLET_DISABLED wallet=W1 reason=TOKEN_MISSING expiry_ts=0
2026-07-05 02:45:08,897 - RazTraderPlus - WARNING - event=WALLET_TOKEN_MISSING wallet=W2
2026-07-05 02:45:08,897 - RazTraderPlus - WARNING - event=WALLET_DISABLED wallet=W2 reason=TOKEN_MISSING expiry_ts=0
2026-07-05 02:45:08,904 - RazTraderPlus - WARNING - event=WALLET_TOKEN_MISSING wallet=W3
2026-07-05 02:45:08,904 - RazTraderPlus - WARNING - event=WALLET_DISABLED wallet=W3 reason=TOKEN_MISSING expiry_ts=0
2026-07-05 02:45:08,904 - RazTraderPlus - INFO - AdvancedAnalyticsEngine layers=5
2026-07-05 02:45:08,904 - RazTraderPlus - INFO - Advanced Analytics Engine: ENABLED
2026-07-05 02:45:08,904 - RazTraderPlus - WARNING - event=OPEN_ORDERS_REFRESH_FAIL wallet=W1 err=NameError: name '_is_arzplus_client' is not defined
2026-07-05 02:45:08,904 - RazTraderPlus - WARNING - event=OPEN_ORDERS_REFRESH_FAIL wallet=W2 err=NameError: name '_is_arzplus_client' is not defined
2026-07-05 02:45:08,904 - RazTraderPlus - WARNING - event=OPEN_ORDERS_REFRESH_FAIL wallet=W3 err=NameError: name '_is_arzplus_client' is not defined
2026-07-05 02:45:08,919 - RazTraderPlus - INFO - Logging initialized | dash=True
2026-07-05 02:45:08,919 - RazTraderPlus - WARNING - event=WALLET_TOKEN_MISSING wallet=W1
2026-07-05 02:45:08,919 - RazTraderPlus - WARNING - event=WALLET_DISABLED wallet=W1 reason=TOKEN_MISSING expiry_ts=0
2026-07-05 02:45:08,919 - RazTraderPlus - WARNING - event=WALLET_TOKEN_MISSING wallet=W2
2026-07-05 02:45:08,919 - RazTraderPlus - WARNING - event=WALLET_DISABLED wallet=W2 reason=TOKEN_MISSING expiry_ts=0
2026-07-05 02:45:08,919 - RazTraderPlus - WARNING - event=WALLET_TOKEN_MISSING wallet=W3
2026-07-05 02:45:08,919 - RazTraderPlus - WARNING - event=WALLET_DISABLED wallet=W3 reason=TOKEN_MISSING expiry_ts=0
2026-07-05 02:45:08,919 - RazTraderPlus - INFO - AdvancedAnalyticsEngine layers=5
2026-07-05 02:45:08,919 - RazTraderPlus - INFO - Advanced Analytics Engine: ENABLED
2026-07-05 02:45:08,919 - RazTraderPlus - WARNING - event=OPEN_ORDERS_REFRESH_FAIL wallet=W1 err=NameError: name '_is_arzplus_client' is not defined
2026-07-05 02:45:08,919 - RazTraderPlus - WARNING - event=OPEN_ORDERS_REFRESH_FAIL wallet=W2 err=NameError: name '_is_arzplus_client' is not defined
2026-07-05 02:45:08,919 - RazTraderPlus - WARNING - event=OPEN_ORDERS_REFRESH_FAIL wallet=W3 err=NameError: name '_is_arzplus_client' is not defined
2026-07-05 02:45:08,935 - RazTraderPlus - INFO - Logging initialized | dash=True
2026-07-05 02:45:08,935 - RazTraderPlus - WARNING - event=WALLET_TOKEN_MISSING wallet=W1
2026-07-05 02:45:08,935 - RazTraderPlus - WARNING - event=WALLET_DISABLED wallet=W1 reason=TOKEN_MISSING expiry_ts=0
2026-07-05 02:45:08,935 - RazTraderPlus - WARNING - event=WALLET_TOKEN_MISSING wallet=W2
2026-07-05 02:45:08,935 - RazTraderPlus - WARNING - event=WALLET_DISABLED wallet=W2 reason=TOKEN_MISSING expiry_ts=0
2026-07-05 02:45:08,935 - RazTraderPlus - WARNING - event=WALLET_TOKEN_MISSING wallet=W3
2026-07-05 02:45:08,935 - RazTraderPlus - WARNING - event=WALLET_DISABLED wallet=W3 reason=TOKEN_MISSING expiry_ts=0
2026-07-05 02:45:08,935 - RazTraderPlus - INFO - AdvancedAnalyticsEngine layers=5
2026-07-05 02:45:08,935 - RazTraderPlus - INFO - Advanced Analytics Engine: ENABLED
2026-07-05 02:45:08,950 - RazTraderPlus - WARNING - event=OPEN_ORDERS_REFRESH_FAIL wallet=W1 err=NameError: name '_is_arzplus_client' is not defined
2026-07-05 02:45:08,950 - RazTraderPlus - WARNING - event=OPEN_ORDERS_REFRESH_FAIL wallet=W2 err=NameError: name '_is_arzplus_client' is not defined
2026-07-05 02:45:08,950 - RazTraderPlus - WARNING - event=OPEN_ORDERS_REFRESH_FAIL wallet=W3 err=NameError: name '_is_arzplus_client' is not defined
2026-07-05 02:48:34,063 - RazTraderPlus - INFO - Logging initialized | dash=True
2026-07-05 02:48:34,078 - RazTraderPlus - WARNING - event=WALLET_TOKEN_MISSING wallet=W1
2026-07-05 02:48:34,078 - RazTraderPlus - WARNING - event=WALLET_DISABLED wallet=W1 reason=TOKEN_MISSING expiry_ts=0
2026-07-05 02:48:34,078 - RazTraderPlus - WARNING - event=WALLET_TOKEN_MISSING wallet=W2
2026-07-05 02:48:34,078 - RazTraderPlus - WARNING - event=WALLET_DISABLED wallet=W2 reason=TOKEN_MISSING expiry_ts=0
2026-07-05 02:48:34,078 - RazTraderPlus - WARNING - event=WALLET_TOKEN_MISSING wallet=W3
2026-07-05 02:48:34,078 - RazTraderPlus - WARNING - event=WALLET_DISABLED wallet=W3 reason=TOKEN_MISSING expiry_ts=0
2026-07-05 02:48:34,078 - RazTraderPlus - INFO - AdvancedAnalyticsEngine layers=5
2026-07-05 02:48:34,078 - RazTraderPlus - INFO - Advanced Analytics Engine: ENABLED
2026-07-05 02:48:34,078 - RazTraderPlus - WARNING - event=OPEN_ORDERS_REFRESH_FAIL wallet=W1 err=NameError: name '_is_arzplus_client' is not defined
2026-07-05 02:48:34,078 - RazTraderPlus - WARNING - event=OPEN_ORDERS_REFRESH_FAIL wallet=W2 err=NameError: name '_is_arzplus_client' is not defined
2026-07-05 02:48:34,078 - RazTraderPlus - WARNING - event=OPEN_ORDERS_REFRESH_FAIL wallet=W3 err=NameError: name '_is_arzplus_client' is not defined
2026-07-05 02:48:34,094 - RazTraderPlus - INFO - Logging initialized | dash=True
2026-07-05 02:48:34,094 - RazTraderPlus - WARNING - event=WALLET_TOKEN_MISSING wallet=W1
2026-07-05 02:48:34,094 - RazTraderPlus - WARNING - event=WALLET_DISABLED wallet=W1 reason=TOKEN_MISSING expiry_ts=0
2026-07-05 02:48:34,094 - RazTraderPlus - WARNING - event=WALLET_TOKEN_MISSING wallet=W2
2026-07-05 02:48:34,094 - RazTraderPlus - WARNING - event=WALLET_DISABLED wallet=W2 reason=TOKEN_MISSING expiry_ts=0
2026-07-05 02:48:34,094 - RazTraderPlus - WARNING - event=WALLET_TOKEN_MISSING wallet=W3
2026-07-05 02:48:34,094 - RazTraderPlus - WARNING - event=WALLET_DISABLED wallet=W3 reason=TOKEN_MISSING expiry_ts=0
2026-07-05 02:48:34,094 - RazTraderPlus - INFO - AdvancedAnalyticsEngine layers=5
2026-07-05 02:48:34,094 - RazTraderPlus - INFO - Advanced Analytics Engine: ENABLED
2026-07-05 02:48:34,109 - RazTraderPlus - WARNING - event=OPEN_ORDERS_REFRESH_FAIL wallet=W1 err=NameError: name '_is_arzplus_client' is not defined
2026-07-05 02:48:34,109 - RazTraderPlus - WARNING - event=OPEN_ORDERS_REFRESH_FAIL wallet=W2 err=NameError: name '_is_arzplus_client' is not defined
2026-07-05 02:48:34,109 - RazTraderPlus - WARNING - event=OPEN_ORDERS_REFRESH_FAIL wallet=W3 err=NameError: name '_is_arzplus_client' is not defined
2026-07-05 02:48:34,109 - RazTraderPlus - INFO - Logging initialized | dash=True
2026-07-05 02:48:34,109 - RazTraderPlus - WARNING - event=WALLET_TOKEN_MISSING wallet=W1
2026-07-05 02:48:34,125 - RazTraderPlus - WARNING - event=WALLET_DISABLED wallet=W1 reason=TOKEN_MISSING expiry_ts=0
2026-07-05 02:48:34,125 - RazTraderPlus - WARNING - event=WALLET_TOKEN_MISSING wallet=W2
2026-07-05 02:48:34,125 - RazTraderPlus - WARNING - event=WALLET_DISABLED wallet=W2 reason=TOKEN_MISSING expiry_ts=0
2026-07-05 02:48:34,125 - RazTraderPlus - WARNING - event=WALLET_TOKEN_MISSING wallet=W3
2026-07-05 02:48:34,125 - RazTraderPlus - WARNING - event=WALLET_DISABLED wallet=W3 reason=TOKEN_MISSING expiry_ts=0
2026-07-05 02:48:34,125 - RazTraderPlus - INFO - AdvancedAnalyticsEngine layers=5
2026-07-05 02:48:34,125 - RazTraderPlus - INFO - Advanced Analytics Engine: ENABLED
2026-07-05 02:48:34,125 - RazTraderPlus - WARNING - event=OPEN_ORDERS_REFRESH_FAIL wallet=W1 err=NameError: name '_is_arzplus_client' is not defined
2026-07-05 02:48:34,125 - RazTraderPlus - WARNING - event=OPEN_ORDERS_REFRESH_FAIL wallet=W2 err=NameError: name '_is_arzplus_client' is not defined
2026-07-05 02:48:34,125 - RazTraderPlus - WARNING - event=OPEN_ORDERS_REFRESH_FAIL wallet=W3 err=NameError: name '_is_arzplus_client' is not defined
2026-07-05 02:48:34,147 - RazTraderPlus - INFO - Logging initialized | dash=True
2026-07-05 02:48:34,147 - RazTraderPlus - WARNING - event=WALLET_TOKEN_MISSING wallet=W1
2026-07-05 02:48:34,147 - RazTraderPlus - WARNING - event=WALLET_DISABLED wallet=W1 reason=TOKEN_MISSING expiry_ts=0
2026-07-05 02:48:34,147 - RazTraderPlus - WARNING - event=WALLET_TOKEN_MISSING wallet=W2
2026-07-05 02:48:34,147 - RazTraderPlus - WARNING - event=WALLET_DISABLED wallet=W2 reason=TOKEN_MISSING expiry_ts=0
2026-07-05 02:48:34,147 - RazTraderPlus - WARNING - event=WALLET_TOKEN_MISSING wallet=W3
2026-07-05 02:48:34,147 - RazTraderPlus - WARNING - event=WALLET_DISABLED wallet=W3 reason=TOKEN_MISSING expiry_ts=0
2026-07-05 02:48:34,147 - RazTraderPlus - INFO - AdvancedAnalyticsEngine layers=5
2026-07-05 02:48:34,147 - RazTraderPlus - INFO - Advanced Analytics Engine: ENABLED
2026-07-05 02:48:34,147 - RazTraderPlus - WARNING - event=OPEN_ORDERS_REFRESH_FAIL wallet=W1 err=NameError: name '_is_arzplus_client' is not defined
2026-07-05 02:48:34,147 - RazTraderPlus - WARNING - event=OPEN_ORDERS_REFRESH_FAIL wallet=W2 err=NameError: name '_is_arzplus_client' is not defined
2026-07-05 02:48:34,147 - RazTraderPlus - WARNING - event=OPEN_ORDERS_REFRESH_FAIL wallet=W3 err=NameError: name '_is_arzplus_client' is not defined
2026-07-05 11:45:29,395 - RazTraderPlus - INFO - Logging initialized | dash=True
2026-07-05 11:45:29,395 - RazTraderPlus - WARNING - event=WALLET_TOKEN_MISSING wallet=W1
2026-07-05 11:45:29,395 - RazTraderPlus - WARNING - event=WALLET_DISABLED wallet=W1 reason=TOKEN_MISSING expiry_ts=0
2026-07-05 11:45:29,395 - RazTraderPlus - WARNING - event=WALLET_TOKEN_MISSING wallet=W2
2026-07-05 11:45:29,395 - RazTraderPlus - WARNING - event=WALLET_DISABLED wallet=W2 reason=TOKEN_MISSING expiry_ts=0
2026-07-05 11:45:29,395 - RazTraderPlus - WARNING - event=WALLET_TOKEN_MISSING wallet=W3
2026-07-05 11:45:29,395 - RazTraderPlus - WARNING - event=WALLET_DISABLED wallet=W3 reason=TOKEN_MISSING expiry_ts=0
2026-07-05 11:45:29,411 - RazTraderPlus - INFO - AdvancedAnalyticsEngine layers=5
2026-07-05 11:45:29,411 - RazTraderPlus - INFO - Advanced Analytics Engine: ENABLED
2026-07-05 11:45:29,411 - RazTraderPlus - WARNING - event=OPEN_ORDERS_REFRESH_FAIL wallet=W1 err=NameError: name '_is_arzplus_client' is not defined
2026-07-05 11:45:29,411 - RazTraderPlus - WARNING - event=OPEN_ORDERS_REFRESH_FAIL wallet=W2 err=NameError: name '_is_arzplus_client' is not defined
2026-07-05 11:45:29,411 - RazTraderPlus - WARNING - event=OPEN_ORDERS_REFRESH_FAIL wallet=W3 err=NameError: name '_is_arzplus_client' is not defined
2026-07-05 11:45:29,426 - RazTraderPlus - INFO - Logging initialized | dash=True
2026-07-05 11:45:29,426 - RazTraderPlus - WARNING - event=WALLET_TOKEN_MISSING wallet=W1
2026-07-05 11:45:29,426 - RazTraderPlus - WARNING - event=WALLET_DISABLED wallet=W1 reason=TOKEN_MISSING expiry_ts=0
2026-07-05 11:45:29,426 - RazTraderPlus - WARNING - event=WALLET_TOKEN_MISSING wallet=W2
2026-07-05 11:45:29,426 - RazTraderPlus - WARNING - event=WALLET_DISABLED wallet=W2 reason=TOKEN_MISSING expiry_ts=0
2026-07-05 11:45:29,426 - RazTraderPlus - WARNING - event=WALLET_TOKEN_MISSING wallet=W3
2026-07-05 11:45:29,426 - RazTraderPlus - WARNING - event=WALLET_DISABLED wallet=W3 reason=TOKEN_MISSING expiry_ts=0
2026-07-05 11:45:29,426 - RazTraderPlus - INFO - AdvancedAnalyticsEngine layers=5
2026-07-05 11:45:29,426 - RazTraderPlus - INFO - Advanced Analytics Engine: ENABLED
2026-07-05 11:45:29,426 - RazTraderPlus - WARNING - event=OPEN_ORDERS_REFRESH_FAIL wallet=W1 err=NameError: name '_is_arzplus_client' is not defined
2026-07-05 11:45:29,426 - RazTraderPlus - WARNING - event=OPEN_ORDERS_REFRESH_FAIL wallet=W2 err=NameError: name '_is_arzplus_client' is not defined
2026-07-05 11:45:29,426 - RazTraderPlus - WARNING - event=OPEN_ORDERS_REFRESH_FAIL wallet=W3 err=NameError: name '_is_arzplus_client' is not defined
2026-07-05 11:45:29,442 - RazTraderPlus - INFO - Logging initialized | dash=True
2026-07-05 11:45:29,442 - RazTraderPlus - WARNING - event=WALLET_TOKEN_MISSING wallet=W1
2026-07-05 11:45:29,442 - RazTraderPlus - WARNING - event=WALLET_DISABLED wallet=W1 reason=TOKEN_MISSING expiry_ts=0
2026-07-05 11:45:29,442 - RazTraderPlus - WARNING - event=WALLET_TOKEN_MISSING wallet=W2
2026-07-05 11:45:29,442 - RazTraderPlus - WARNING - event=WALLET_DISABLED wallet=W2 reason=TOKEN_MISSING expiry_ts=0
2026-07-05 11:45:29,442 - RazTraderPlus - WARNING - event=WALLET_TOKEN_MISSING wallet=W3
2026-07-05 11:45:29,442 - RazTraderPlus - WARNING - event=WALLET_DISABLED wallet=W3 reason=TOKEN_MISSING expiry_ts=0
2026-07-05 11:45:29,458 - RazTraderPlus - INFO - AdvancedAnalyticsEngine layers=5
2026-07-05 11:45:29,458 - RazTraderPlus - INFO - Advanced Analytics Engine: ENABLED
2026-07-05 11:45:29,458 - RazTraderPlus - WARNING - event=OPEN_ORDERS_REFRESH_FAIL wallet=W1 err=NameError: name '_is_arzplus_client' is not defined
2026-07-05 11:45:29,458 - RazTraderPlus - WARNING - event=OPEN_ORDERS_REFRESH_FAIL wallet=W2 err=NameError: name '_is_arzplus_client' is not defined
2026-07-05 11:45:29,458 - RazTraderPlus - WARNING - event=OPEN_ORDERS_REFRESH_FAIL wallet=W3 err=NameError: name '_is_arzplus_client' is not defined
2026-07-05 11:45:29,464 - RazTraderPlus - INFO - Logging initialized | dash=True
2026-07-05 11:45:29,464 - RazTraderPlus - WARNING - event=WALLET_TOKEN_MISSING wallet=W1
2026-07-05 11:45:29,464 - RazTraderPlus - WARNING - event=WALLET_DISABLED wallet=W1 reason=TOKEN_MISSING expiry_ts=0
2026-07-05 11:45:29,464 - RazTraderPlus - WARNING - event=WALLET_TOKEN_MISSING wallet=W2
2026-07-05 11:45:29,464 - RazTraderPlus - WARNING - event=WALLET_DISABLED wallet=W2 reason=TOKEN_MISSING expiry_ts=0
2026-07-05 11:45:29,464 - RazTraderPlus - WARNING - event=WALLET_TOKEN_MISSING wallet=W3
2026-07-05 11:45:29,480 - RazTraderPlus - WARNING - event=WALLET_DISABLED wallet=W3 reason=TOKEN_MISSING expiry_ts=0
2026-07-05 11:45:29,480 - RazTraderPlus - INFO - AdvancedAnalyticsEngine layers=5
2026-07-05 11:45:29,480 - RazTraderPlus - INFO - Advanced Analytics Engine: ENABLED
2026-07-05 11:45:29,480 - RazTraderPlus - WARNING - event=OPEN_ORDERS_REFRESH_FAIL wallet=W1 err=NameError: name '_is_arzplus_client' is not defined
2026-07-05 11:45:29,480 - RazTraderPlus - WARNING - event=OPEN_ORDERS_REFRESH_FAIL wallet=W2 err=NameError: name '_is_arzplus_client' is not defined
2026-07-05 11:45:29,480 - RazTraderPlus - WARNING - event=OPEN_ORDERS_REFRESH_FAIL wallet=W3 err=NameError: name '_is_arzplus_client' is not defined
2026-07-05 12:12:56,868 - RazTraderPlus - INFO - Logging initialized | dash=True
2026-07-05 12:12:56,868 - RazTraderPlus - WARNING - event=WALLET_TOKEN_MISSING wallet=W1
2026-07-05 12:12:56,868 - RazTraderPlus - WARNING - event=WALLET_DISABLED wallet=W1 reason=TOKEN_MISSING expiry_ts=0
2026-07-05 12:12:56,868 - RazTraderPlus - WARNING - event=WALLET_TOKEN_MISSING wallet=W2
2026-07-05 12:12:56,868 - RazTraderPlus - WARNING - event=WALLET_DISABLED wallet=W2 reason=TOKEN_MISSING expiry_ts=0
2026-07-05 12:12:56,868 - RazTraderPlus - WARNING - event=WALLET_TOKEN_MISSING wallet=W3
2026-07-05 12:12:56,868 - RazTraderPlus - WARNING - event=WALLET_DISABLED wallet=W3 reason=TOKEN_MISSING expiry_ts=0
2026-07-05 12:12:56,868 - RazTraderPlus - INFO - AdvancedAnalyticsEngine layers=5
2026-07-05 12:12:56,868 - RazTraderPlus - INFO - Advanced Analytics Engine: ENABLED
2026-07-05 12:12:56,883 - RazTraderPlus - WARNING - event=OPEN_ORDERS_REFRESH_FAIL wallet=W1 err=NameError: name '_is_arzplus_client' is not defined
2026-07-05 12:12:56,883 - RazTraderPlus - WARNING - event=OPEN_ORDERS_REFRESH_FAIL wallet=W2 err=NameError: name '_is_arzplus_client' is not defined
2026-07-05 12:12:56,883 - RazTraderPlus - WARNING - event=OPEN_ORDERS_REFRESH_FAIL wallet=W3 err=NameError: name '_is_arzplus_client' is not defined
2026-07-05 12:12:56,883 - RazTraderPlus - INFO - Logging initialized | dash=True
2026-07-05 12:12:56,883 - RazTraderPlus - WARNING - event=WALLET_TOKEN_MISSING wallet=W1
2026-07-05 12:12:56,883 - RazTraderPlus - WARNING - event=WALLET_DISABLED wallet=W1 reason=TOKEN_MISSING expiry_ts=0
2026-07-05 12:12:56,899 - RazTraderPlus - WARNING - event=WALLET_TOKEN_MISSING wallet=W2
2026-07-05 12:12:56,899 - RazTraderPlus - WARNING - event=WALLET_DISABLED wallet=W2 reason=TOKEN_MISSING expiry_ts=0
2026-07-05 12:12:56,899 - RazTraderPlus - WARNING - event=WALLET_TOKEN_MISSING wallet=W3
2026-07-05 12:12:56,899 - RazTraderPlus - WARNING - event=WALLET_DISABLED wallet=W3 reason=TOKEN_MISSING expiry_ts=0
2026-07-05 12:12:56,899 - RazTraderPlus - INFO - AdvancedAnalyticsEngine layers=5
2026-07-05 12:12:56,899 - RazTraderPlus - INFO - Advanced Analytics Engine: ENABLED
2026-07-05 12:12:56,899 - RazTraderPlus - WARNING - event=OPEN_ORDERS_REFRESH_FAIL wallet=W1 err=NameError: name '_is_arzplus_client' is not defined
2026-07-05 12:12:56,899 - RazTraderPlus - WARNING - event=OPEN_ORDERS_REFRESH_FAIL wallet=W2 err=NameError: name '_is_arzplus_client' is not defined
2026-07-05 12:12:56,899 - RazTraderPlus - WARNING - event=OPEN_ORDERS_REFRESH_FAIL wallet=W3 err=NameError: name '_is_arzplus_client' is not defined
2026-07-05 12:12:56,914 - RazTraderPlus - INFO - Logging initialized | dash=True
2026-07-05 12:12:56,914 - RazTraderPlus - WARNING - event=WALLET_TOKEN_MISSING wallet=W1
2026-07-05 12:12:56,914 - RazTraderPlus - WARNING - event=WALLET_DISABLED wallet=W1 reason=TOKEN_MISSING expiry_ts=0
2026-07-05 12:12:56,914 - RazTraderPlus - WARNING - event=WALLET_TOKEN_MISSING wallet=W2
2026-07-05 12:12:56,914 - RazTraderPlus - WARNING - event=WALLET_DISABLED wallet=W2 reason=TOKEN_MISSING expiry_ts=0
2026-07-05 12:12:56,914 - RazTraderPlus - WARNING - event=WALLET_TOKEN_MISSING wallet=W3
2026-07-05 12:12:56,914 - RazTraderPlus - WARNING - event=WALLET_DISABLED wallet=W3 reason=TOKEN_MISSING expiry_ts=0
2026-07-05 12:12:56,914 - RazTraderPlus - INFO - AdvancedAnalyticsEngine layers=5
2026-07-05 12:12:56,914 - RazTraderPlus - INFO - Advanced Analytics Engine: ENABLED
2026-07-05 12:12:56,914 - RazTraderPlus - WARNING - event=OPEN_ORDERS_REFRESH_FAIL wallet=W1 err=NameError: name '_is_arzplus_client' is not defined
2026-07-05 12:12:56,930 - RazTraderPlus - WARNING - event=OPEN_ORDERS_REFRESH_FAIL wallet=W2 err=NameError: name '_is_arzplus_client' is not defined
2026-07-05 12:12:56,930 - RazTraderPlus - WARNING - event=OPEN_ORDERS_REFRESH_FAIL wallet=W3 err=NameError: name '_is_arzplus_client' is not defined
2026-07-05 12:12:56,937 - RazTraderPlus - INFO - Logging initialized | dash=True
2026-07-05 12:12:56,937 - RazTraderPlus - WARNING - event=WALLET_TOKEN_MISSING wallet=W1
2026-07-05 12:12:56,937 - RazTraderPlus - WARNING - event=WALLET_DISABLED wallet=W1 reason=TOKEN_MISSING expiry_ts=0
2026-07-05 12:12:56,937 - RazTraderPlus - WARNING - event=WALLET_TOKEN_MISSING wallet=W2
2026-07-05 12:12:56,937 - RazTraderPlus - WARNING - event=WALLET_DISABLED wallet=W2 reason=TOKEN_MISSING expiry_ts=0
2026-07-05 12:12:56,937 - RazTraderPlus - WARNING - event=WALLET_TOKEN_MISSING wallet=W3
2026-07-05 12:12:56,937 - RazTraderPlus - WARNING - event=WALLET_DISABLED wallet=W3 reason=TOKEN_MISSING expiry_ts=0
2026-07-05 12:12:56,937 - RazTraderPlus - INFO - AdvancedAnalyticsEngine layers=5
2026-07-05 12:12:56,937 - RazTraderPlus - INFO - Advanced Analytics Engine: ENABLED
2026-07-05 12:12:56,952 - RazTraderPlus - WARNING - event=OPEN_ORDERS_REFRESH_FAIL wallet=W1 err=NameError: name '_is_arzplus_client' is not defined
2026-07-05 12:12:56,952 - RazTraderPlus - WARNING - event=OPEN_ORDERS_REFRESH_FAIL wallet=W2 err=NameError: name '_is_arzplus_client' is not defined
2026-07-05 12:12:56,952 - RazTraderPlus - WARNING - event=OPEN_ORDERS_REFRESH_FAIL wallet=W3 err=NameError: name '_is_arzplus_client' is not defined
2026-07-05 22:48:18,640 - RazTraderPlus - INFO - Logging initialized | dash=True
2026-07-05 22:48:18,646 - RazTraderPlus - WARNING - event=WALLET_TOKEN_MISSING wallet=W1
2026-07-05 22:48:18,646 - RazTraderPlus - WARNING - event=WALLET_DISABLED wallet=W1 reason=TOKEN_MISSING expiry_ts=0
2026-07-05 22:48:18,646 - RazTraderPlus - WARNING - event=WALLET_TOKEN_MISSING wallet=W2
2026-07-05 22:48:18,646 - RazTraderPlus - WARNING - event=WALLET_DISABLED wallet=W2 reason=TOKEN_MISSING expiry_ts=0
2026-07-05 22:48:18,646 - RazTraderPlus - WARNING - event=WALLET_TOKEN_MISSING wallet=W3
2026-07-05 22:48:18,646 - RazTraderPlus - WARNING - event=WALLET_DISABLED wallet=W3 reason=TOKEN_MISSING expiry_ts=0
2026-07-05 22:48:18,646 - RazTraderPlus - INFO - AdvancedAnalyticsEngine layers=5
2026-07-05 22:48:18,646 - RazTraderPlus - INFO - Advanced Analytics Engine: ENABLED
2026-07-05 22:48:18,646 - RazTraderPlus - WARNING - event=OPEN_ORDERS_REFRESH_FAIL wallet=W1 err=NameError: name '_is_arzplus_client' is not defined
2026-07-05 22:48:18,646 - RazTraderPlus - WARNING - event=OPEN_ORDERS_REFRESH_FAIL wallet=W2 err=NameError: name '_is_arzplus_client' is not defined
2026-07-05 22:48:18,646 - RazTraderPlus - WARNING - event=OPEN_ORDERS_REFRESH_FAIL wallet=W3 err=NameError: name '_is_arzplus_client' is not defined
2026-07-05 22:48:18,661 - RazTraderPlus - INFO - Logging initialized | dash=True
2026-07-05 22:48:18,661 - RazTraderPlus - WARNING - event=WALLET_TOKEN_MISSING wallet=W1
2026-07-05 22:48:18,661 - RazTraderPlus - WARNING - event=WALLET_DISABLED wallet=W1 reason=TOKEN_MISSING expiry_ts=0
2026-07-05 22:48:18,661 - RazTraderPlus - WARNING - event=WALLET_TOKEN_MISSING wallet=W2
2026-07-05 22:48:18,661 - RazTraderPlus - WARNING - event=WALLET_DISABLED wallet=W2 reason=TOKEN_MISSING expiry_ts=0
2026-07-05 22:48:18,661 - RazTraderPlus - WARNING - event=WALLET_TOKEN_MISSING wallet=W3
2026-07-05 22:48:18,661 - RazTraderPlus - WARNING - event=WALLET_DISABLED wallet=W3 reason=TOKEN_MISSING expiry_ts=0
2026-07-05 22:48:18,661 - RazTraderPlus - INFO - AdvancedAnalyticsEngine layers=5
2026-07-05 22:48:18,661 - RazTraderPlus - INFO - Advanced Analytics Engine: ENABLED
2026-07-05 22:48:18,677 - RazTraderPlus - WARNING - event=OPEN_ORDERS_REFRESH_FAIL wallet=W1 err=NameError: name '_is_arzplus_client' is not defined
2026-07-05 22:48:18,677 - RazTraderPlus - WARNING - event=OPEN_ORDERS_REFRESH_FAIL wallet=W2 err=NameError: name '_is_arzplus_client' is not defined
2026-07-05 22:48:18,677 - RazTraderPlus - WARNING - event=OPEN_ORDERS_REFRESH_FAIL wallet=W3 err=NameError: name '_is_arzplus_client' is not defined
2026-07-05 22:48:18,677 - RazTraderPlus - INFO - Logging initialized | dash=True
2026-07-05 22:48:18,677 - RazTraderPlus - WARNING - event=WALLET_TOKEN_MISSING wallet=W1
2026-07-05 22:48:18,677 - RazTraderPlus - WARNING - event=WALLET_DISABLED wallet=W1 reason=TOKEN_MISSING expiry_ts=0
2026-07-05 22:48:18,677 - RazTraderPlus - WARNING - event=WALLET_TOKEN_MISSING wallet=W2
2026-07-05 22:48:18,693 - RazTraderPlus - WARNING - event=WALLET_DISABLED wallet=W2 reason=TOKEN_MISSING expiry_ts=0
2026-07-05 22:48:18,693 - RazTraderPlus - WARNING - event=WALLET_TOKEN_MISSING wallet=W3
2026-07-05 22:48:18,693 - RazTraderPlus - WARNING - event=WALLET_DISABLED wallet=W3 reason=TOKEN_MISSING expiry_ts=0
2026-07-05 22:48:18,693 - RazTraderPlus - INFO - AdvancedAnalyticsEngine layers=5
2026-07-05 22:48:18,693 - RazTraderPlus - INFO - Advanced Analytics Engine: ENABLED
2026-07-05 22:48:18,693 - RazTraderPlus - WARNING - event=OPEN_ORDERS_REFRESH_FAIL wallet=W1 err=NameError: name '_is_arzplus_client' is not defined
2026-07-05 22:48:18,693 - RazTraderPlus - WARNING - event=OPEN_ORDERS_REFRESH_FAIL wallet=W2 err=NameError: name '_is_arzplus_client' is not defined
2026-07-05 22:48:18,693 - RazTraderPlus - WARNING - event=OPEN_ORDERS_REFRESH_FAIL wallet=W3 err=NameError: name '_is_arzplus_client' is not defined
2026-07-05 22:48:18,708 - RazTraderPlus - INFO - Logging initialized | dash=True
2026-07-05 22:48:18,708 - RazTraderPlus - WARNING - event=WALLET_TOKEN_MISSING wallet=W1
2026-07-05 22:48:18,708 - RazTraderPlus - WARNING - event=WALLET_DISABLED wallet=W1 reason=TOKEN_MISSING expiry_ts=0
2026-07-05 22:48:18,708 - RazTraderPlus - WARNING - event=WALLET_TOKEN_MISSING wallet=W2
2026-07-05 22:48:18,708 - RazTraderPlus - WARNING - event=WALLET_DISABLED wallet=W2 reason=TOKEN_MISSING expiry_ts=0
2026-07-05 22:48:18,708 - RazTraderPlus - WARNING - event=WALLET_TOKEN_MISSING wallet=W3
2026-07-05 22:48:18,708 - RazTraderPlus - WARNING - event=WALLET_DISABLED wallet=W3 reason=TOKEN_MISSING expiry_ts=0
2026-07-05 22:48:18,708 - RazTraderPlus - INFO - AdvancedAnalyticsEngine layers=5
2026-07-05 22:48:18,708 - RazTraderPlus - INFO - Advanced Analytics Engine: ENABLED
2026-07-05 22:48:18,708 - RazTraderPlus - WARNING - event=OPEN_ORDERS_REFRESH_FAIL wallet=W1 err=NameError: name '_is_arzplus_client' is not defined
2026-07-05 22:48:18,708 - RazTraderPlus - WARNING - event=OPEN_ORDERS_REFRESH_FAIL wallet=W2 err=NameError: name '_is_arzplus_client' is not defined
2026-07-05 22:48:18,708 - RazTraderPlus - WARNING - event=OPEN_ORDERS_REFRESH_FAIL wallet=W3 err=NameError: name '_is_arzplus_client' is not defined
2026-07-05 22:53:40,010 - RazTraderPlus - INFO - Logging initialized | dash=True
2026-07-05 22:53:40,010 - RazTraderPlus - WARNING - event=WALLET_TOKEN_MISSING wallet=W1
2026-07-05 22:53:40,010 - RazTraderPlus - WARNING - event=WALLET_DISABLED wallet=W1 reason=TOKEN_MISSING expiry_ts=0
2026-07-05 22:53:40,010 - RazTraderPlus - WARNING - event=WALLET_TOKEN_MISSING wallet=W2
2026-07-05 22:53:40,010 - RazTraderPlus - WARNING - event=WALLET_DISABLED wallet=W2 reason=TOKEN_MISSING expiry_ts=0
2026-07-05 22:53:40,010 - RazTraderPlus - WARNING - event=WALLET_TOKEN_MISSING wallet=W3
2026-07-05 22:53:40,010 - RazTraderPlus - WARNING - event=WALLET_DISABLED wallet=W3 reason=TOKEN_MISSING expiry_ts=0
2026-07-05 22:53:40,010 - RazTraderPlus - INFO - AdvancedAnalyticsEngine layers=5
2026-07-05 22:53:40,026 - RazTraderPlus - INFO - Advanced Analytics Engine: ENABLED
2026-07-05 22:53:40,026 - RazTraderPlus - WARNING - event=OPEN_ORDERS_REFRESH_FAIL wallet=W1 err=NameError: name '_is_arzplus_client' is not defined
2026-07-05 22:53:40,026 - RazTraderPlus - WARNING - event=OPEN_ORDERS_REFRESH_FAIL wallet=W2 err=NameError: name '_is_arzplus_client' is not defined
2026-07-05 22:53:40,026 - RazTraderPlus - WARNING - event=OPEN_ORDERS_REFRESH_FAIL wallet=W3 err=NameError: name '_is_arzplus_client' is not defined
2026-07-05 22:53:40,026 - RazTraderPlus - INFO - Logging initialized | dash=True
2026-07-05 22:53:40,041 - RazTraderPlus - WARNING - event=WALLET_TOKEN_MISSING wallet=W1
2026-07-05 22:53:40,041 - RazTraderPlus - WARNING - event=WALLET_DISABLED wallet=W1 reason=TOKEN_MISSING expiry_ts=0
2026-07-05 22:53:40,041 - RazTraderPlus - WARNING - event=WALLET_TOKEN_MISSING wallet=W2
2026-07-05 22:53:40,041 - RazTraderPlus - WARNING - event=WALLET_DISABLED wallet=W2 reason=TOKEN_MISSING expiry_ts=0
2026-07-05 22:53:40,041 - RazTraderPlus - WARNING - event=WALLET_TOKEN_MISSING wallet=W3
2026-07-05 22:53:40,041 - RazTraderPlus - WARNING - event=WALLET_DISABLED wallet=W3 reason=TOKEN_MISSING expiry_ts=0
2026-07-05 22:53:40,041 - RazTraderPlus - INFO - AdvancedAnalyticsEngine layers=5
2026-07-05 22:53:40,041 - RazTraderPlus - INFO - Advanced Analytics Engine: ENABLED
2026-07-05 22:53:40,041 - RazTraderPlus - WARNING - event=OPEN_ORDERS_REFRESH_FAIL wallet=W1 err=NameError: name '_is_arzplus_client' is not defined
2026-07-05 22:53:40,041 - RazTraderPlus - WARNING - event=OPEN_ORDERS_REFRESH_FAIL wallet=W2 err=NameError: name '_is_arzplus_client' is not defined
2026-07-05 22:53:40,041 - RazTraderPlus - WARNING - event=OPEN_ORDERS_REFRESH_FAIL wallet=W3 err=NameError: name '_is_arzplus_client' is not defined
2026-07-05 22:53:40,057 - RazTraderPlus - INFO - Logging initialized | dash=True
2026-07-05 22:53:40,057 - RazTraderPlus - WARNING - event=WALLET_TOKEN_MISSING wallet=W1
2026-07-05 22:53:40,057 - RazTraderPlus - WARNING - event=WALLET_DISABLED wallet=W1 reason=TOKEN_MISSING expiry_ts=0
2026-07-05 22:53:40,057 - RazTraderPlus - WARNING - event=WALLET_TOKEN_MISSING wallet=W2
2026-07-05 22:53:40,057 - RazTraderPlus - WARNING - event=WALLET_DISABLED wallet=W2 reason=TOKEN_MISSING expiry_ts=0
2026-07-05 22:53:40,057 - RazTraderPlus - WARNING - event=WALLET_TOKEN_MISSING wallet=W3
2026-07-05 22:53:40,057 - RazTraderPlus - WARNING - event=WALLET_DISABLED wallet=W3 reason=TOKEN_MISSING expiry_ts=0
2026-07-05 22:53:40,057 - RazTraderPlus - INFO - AdvancedAnalyticsEngine layers=5
2026-07-05 22:53:40,057 - RazTraderPlus - INFO - Advanced Analytics Engine: ENABLED
2026-07-05 22:53:40,057 - RazTraderPlus - WARNING - event=OPEN_ORDERS_REFRESH_FAIL wallet=W1 err=NameError: name '_is_arzplus_client' is not defined
2026-07-05 22:53:40,057 - RazTraderPlus - WARNING - event=OPEN_ORDERS_REFRESH_FAIL wallet=W2 err=NameError: name '_is_arzplus_client' is not defined
2026-07-05 22:53:40,073 - RazTraderPlus - WARNING - event=OPEN_ORDERS_REFRESH_FAIL wallet=W3 err=NameError: name '_is_arzplus_client' is not defined
2026-07-05 22:53:40,079 - RazTraderPlus - INFO - Logging initialized | dash=True
2026-07-05 22:53:40,079 - RazTraderPlus - WARNING - event=WALLET_TOKEN_MISSING wallet=W1
2026-07-05 22:53:40,079 - RazTraderPlus - WARNING - event=WALLET_DISABLED wallet=W1 reason=TOKEN_MISSING expiry_ts=0
2026-07-05 22:53:40,079 - RazTraderPlus - WARNING - event=WALLET_TOKEN_MISSING wallet=W2
2026-07-05 22:53:40,079 - RazTraderPlus - WARNING - event=WALLET_DISABLED wallet=W2 reason=TOKEN_MISSING expiry_ts=0
2026-07-05 22:53:40,079 - RazTraderPlus - WARNING - event=WALLET_TOKEN_MISSING wallet=W3
2026-07-05 22:53:40,079 - RazTraderPlus - WARNING - event=WALLET_DISABLED wallet=W3 reason=TOKEN_MISSING expiry_ts=0
2026-07-05 22:53:40,079 - RazTraderPlus - INFO - AdvancedAnalyticsEngine layers=5
2026-07-05 22:53:40,079 - RazTraderPlus - INFO - Advanced Analytics Engine: ENABLED
2026-07-05 22:53:40,079 - RazTraderPlus - WARNING - event=OPEN_ORDERS_REFRESH_FAIL wallet=W1 err=NameError: name '_is_arzplus_client' is not defined
2026-07-05 22:53:40,079 - RazTraderPlus - WARNING - event=OPEN_ORDERS_REFRESH_FAIL wallet=W2 err=NameError: name '_is_arzplus_client' is not defined
2026-07-05 22:53:40,079 - RazTraderPlus - WARNING - event=OPEN_ORDERS_REFRESH_FAIL wallet=W3 err=NameError: name '_is_arzplus_client' is not defined
2026-07-05 22:54:02,912 - RazTraderPlus - INFO - Logging initialized | dash=True
2026-07-05 22:54:02,928 - RazTraderPlus - WARNING - event=WALLET_TOKEN_MISSING wallet=W1
2026-07-05 22:54:02,928 - RazTraderPlus - WARNING - event=WALLET_DISABLED wallet=W1 reason=TOKEN_MISSING expiry_ts=0
2026-07-05 22:54:02,928 - RazTraderPlus - WARNING - event=WALLET_TOKEN_MISSING wallet=W2
2026-07-05 22:54:02,928 - RazTraderPlus - WARNING - event=WALLET_DISABLED wallet=W2 reason=TOKEN_MISSING expiry_ts=0
2026-07-05 22:54:02,928 - RazTraderPlus - WARNING - event=WALLET_TOKEN_MISSING wallet=W3
2026-07-05 22:54:02,928 - RazTraderPlus - WARNING - event=WALLET_DISABLED wallet=W3 reason=TOKEN_MISSING expiry_ts=0
2026-07-05 22:54:02,928 - RazTraderPlus - INFO - AdvancedAnalyticsEngine layers=5
2026-07-05 22:54:02,928 - RazTraderPlus - INFO - Advanced Analytics Engine: ENABLED
2026-07-05 22:54:02,934 - RazTraderPlus - WARNING - event=OPEN_ORDERS_REFRESH_FAIL wallet=W1 err=NameError: name '_is_arzplus_client' is not defined
2026-07-05 22:54:02,934 - RazTraderPlus - WARNING - event=OPEN_ORDERS_REFRESH_FAIL wallet=W2 err=NameError: name '_is_arzplus_client' is not defined
2026-07-05 22:54:02,934 - RazTraderPlus - WARNING - event=OPEN_ORDERS_REFRESH_FAIL wallet=W3 err=NameError: name '_is_arzplus_client' is not defined
2026-07-05 22:54:02,934 - RazTraderPlus - INFO - Logging initialized | dash=True
2026-07-05 22:54:02,934 - RazTraderPlus - WARNING - event=WALLET_TOKEN_MISSING wallet=W1
2026-07-05 22:54:02,950 - RazTraderPlus - WARNING - event=WALLET_DISABLED wallet=W1 reason=TOKEN_MISSING expiry_ts=0
2026-07-05 22:54:02,950 - RazTraderPlus - WARNING - event=WALLET_TOKEN_MISSING wallet=W2
2026-07-05 22:54:02,950 - RazTraderPlus - WARNING - event=WALLET_DISABLED wallet=W2 reason=TOKEN_MISSING expiry_ts=0
2026-07-05 22:54:02,950 - RazTraderPlus - WARNING - event=WALLET_TOKEN_MISSING wallet=W3
2026-07-05 22:54:02,950 - RazTraderPlus - WARNING - event=WALLET_DISABLED wallet=W3 reason=TOKEN_MISSING expiry_ts=0
2026-07-05 22:54:02,950 - RazTraderPlus - INFO - AdvancedAnalyticsEngine layers=5
2026-07-05 22:54:02,950 - RazTraderPlus - INFO - Advanced Analytics Engine: ENABLED
2026-07-05 22:54:02,950 - RazTraderPlus - WARNING - event=OPEN_ORDERS_REFRESH_FAIL wallet=W1 err=NameError: name '_is_arzplus_client' is not defined
2026-07-05 22:54:02,950 - RazTraderPlus - WARNING - event=OPEN_ORDERS_REFRESH_FAIL wallet=W2 err=NameError: name '_is_arzplus_client' is not defined
2026-07-05 22:54:02,950 - RazTraderPlus - WARNING - event=OPEN_ORDERS_REFRESH_FAIL wallet=W3 err=NameError: name '_is_arzplus_client' is not defined
2026-07-05 22:54:02,966 - RazTraderPlus - INFO - Logging initialized | dash=True
2026-07-05 22:54:02,966 - RazTraderPlus - WARNING - event=WALLET_TOKEN_MISSING wallet=W1
2026-07-05 22:54:02,966 - RazTraderPlus - WARNING - event=WALLET_DISABLED wallet=W1 reason=TOKEN_MISSING expiry_ts=0
2026-07-05 22:54:02,966 - RazTraderPlus - WARNING - event=WALLET_TOKEN_MISSING wallet=W2
2026-07-05 22:54:02,966 - RazTraderPlus - WARNING - event=WALLET_DISABLED wallet=W2 reason=TOKEN_MISSING expiry_ts=0
2026-07-05 22:54:02,966 - RazTraderPlus - WARNING - event=WALLET_TOKEN_MISSING wallet=W3
2026-07-05 22:54:02,966 - RazTraderPlus - WARNING - event=WALLET_DISABLED wallet=W3 reason=TOKEN_MISSING expiry_ts=0
2026-07-05 22:54:02,966 - RazTraderPlus - INFO - AdvancedAnalyticsEngine layers=5
2026-07-05 22:54:02,966 - RazTraderPlus - INFO - Advanced Analytics Engine: ENABLED
2026-07-05 22:54:02,966 - RazTraderPlus - WARNING - event=OPEN_ORDERS_REFRESH_FAIL wallet=W1 err=NameError: name '_is_arzplus_client' is not defined
2026-07-05 22:54:02,966 - RazTraderPlus - WARNING - event=OPEN_ORDERS_REFRESH_FAIL wallet=W2 err=NameError: name '_is_arzplus_client' is not defined
2026-07-05 22:54:02,981 - RazTraderPlus - WARNING - event=OPEN_ORDERS_REFRESH_FAIL wallet=W3 err=NameError: name '_is_arzplus_client' is not defined
2026-07-05 22:54:02,981 - RazTraderPlus - INFO - Logging initialized | dash=True
2026-07-05 22:54:02,981 - RazTraderPlus - WARNING - event=WALLET_TOKEN_MISSING wallet=W1
2026-07-05 22:54:02,981 - RazTraderPlus - WARNING - event=WALLET_DISABLED wallet=W1 reason=TOKEN_MISSING expiry_ts=0
2026-07-05 22:54:02,981 - RazTraderPlus - WARNING - event=WALLET_TOKEN_MISSING wallet=W2
2026-07-05 22:54:02,981 - RazTraderPlus - WARNING - event=WALLET_DISABLED wallet=W2 reason=TOKEN_MISSING expiry_ts=0
2026-07-05 22:54:02,981 - RazTraderPlus - WARNING - event=WALLET_TOKEN_MISSING wallet=W3
2026-07-05 22:54:02,981 - RazTraderPlus - WARNING - event=WALLET_DISABLED wallet=W3 reason=TOKEN_MISSING expiry_ts=0
2026-07-05 22:54:02,997 - RazTraderPlus - INFO - AdvancedAnalyticsEngine layers=5
2026-07-05 22:54:02,997 - RazTraderPlus - INFO - Advanced Analytics Engine: ENABLED
2026-07-05 22:54:02,997 - RazTraderPlus - WARNING - event=OPEN_ORDERS_REFRESH_FAIL wallet=W1 err=NameError: name '_is_arzplus_client' is not defined
2026-07-05 22:54:02,997 - RazTraderPlus - WARNING - event=OPEN_ORDERS_REFRESH_FAIL wallet=W2 err=NameError: name '_is_arzplus_client' is not defined
2026-07-05 22:54:02,997 - RazTraderPlus - WARNING - event=OPEN_ORDERS_REFRESH_FAIL wallet=W3 err=NameError: name '_is_arzplus_client' is not defined
2026-07-06 08:33:10,460 - RazTraderPlus - INFO - Logging initialized | dash=True
2026-07-06 08:33:10,481 - RazTraderPlus - WARNING - event=WALLET_TOKEN_MISSING wallet=W1
2026-07-06 08:33:10,481 - RazTraderPlus - WARNING - event=WALLET_DISABLED wallet=W1 reason=TOKEN_MISSING expiry_ts=0
2026-07-06 08:33:10,481 - RazTraderPlus - WARNING - event=WALLET_TOKEN_MISSING wallet=W2
2026-07-06 08:33:10,481 - RazTraderPlus - WARNING - event=WALLET_DISABLED wallet=W2 reason=TOKEN_MISSING expiry_ts=0
2026-07-06 08:33:10,481 - RazTraderPlus - WARNING - event=WALLET_TOKEN_MISSING wallet=W3
2026-07-06 08:33:10,481 - RazTraderPlus - WARNING - event=WALLET_DISABLED wallet=W3 reason=TOKEN_MISSING expiry_ts=0
2026-07-06 08:33:10,481 - RazTraderPlus - INFO - AdvancedAnalyticsEngine layers=5
2026-07-06 08:33:10,481 - RazTraderPlus - INFO - Advanced Analytics Engine: ENABLED
2026-07-06 08:33:10,496 - RazTraderPlus - WARNING - event=OPEN_ORDERS_REFRESH_FAIL wallet=W1 err=NameError: name '_is_arzplus_client' is not defined
2026-07-06 08:33:10,496 - RazTraderPlus - WARNING - event=OPEN_ORDERS_REFRESH_FAIL wallet=W2 err=NameError: name '_is_arzplus_client' is not defined
2026-07-06 08:33:10,496 - RazTraderPlus - WARNING - event=OPEN_ORDERS_REFRESH_FAIL wallet=W3 err=NameError: name '_is_arzplus_client' is not defined
2026-07-06 08:33:10,496 - RazTraderPlus - INFO - Logging initialized | dash=True
2026-07-06 08:33:10,512 - RazTraderPlus - WARNING - event=WALLET_TOKEN_MISSING wallet=W1
2026-07-06 08:33:10,512 - RazTraderPlus - WARNING - event=WALLET_DISABLED wallet=W1 reason=TOKEN_MISSING expiry_ts=0
2026-07-06 08:33:10,512 - RazTraderPlus - WARNING - event=WALLET_TOKEN_MISSING wallet=W2
2026-07-06 08:33:10,512 - RazTraderPlus - WARNING - event=WALLET_DISABLED wallet=W2 reason=TOKEN_MISSING expiry_ts=0
2026-07-06 08:33:10,512 - RazTraderPlus - WARNING - event=WALLET_TOKEN_MISSING wallet=W3
2026-07-06 08:33:10,512 - RazTraderPlus - WARNING - event=WALLET_DISABLED wallet=W3 reason=TOKEN_MISSING expiry_ts=0
2026-07-06 08:33:10,512 - RazTraderPlus - INFO - AdvancedAnalyticsEngine layers=5
2026-07-06 08:33:10,512 - RazTraderPlus - INFO - Advanced Analytics Engine: ENABLED
2026-07-06 08:33:10,512 - RazTraderPlus - WARNING - event=OPEN_ORDERS_REFRESH_FAIL wallet=W1 err=NameError: name '_is_arzplus_client' is not defined
2026-07-06 08:33:10,512 - RazTraderPlus - WARNING - event=OPEN_ORDERS_REFRESH_FAIL wallet=W2 err=NameError: name '_is_arzplus_client' is not defined
2026-07-06 08:33:10,512 - RazTraderPlus - WARNING - event=OPEN_ORDERS_REFRESH_FAIL wallet=W3 err=NameError: name '_is_arzplus_client' is not defined
2026-07-06 08:33:10,528 - RazTraderPlus - INFO - Logging initialized | dash=True
2026-07-06 08:33:10,528 - RazTraderPlus - WARNING - event=WALLET_TOKEN_MISSING wallet=W1
2026-07-06 08:33:10,528 - RazTraderPlus - WARNING - event=WALLET_DISABLED wallet=W1 reason=TOKEN_MISSING expiry_ts=0
2026-07-06 08:33:10,528 - RazTraderPlus - WARNING - event=WALLET_TOKEN_MISSING wallet=W2
2026-07-06 08:33:10,528 - RazTraderPlus - WARNING - event=WALLET_DISABLED wallet=W2 reason=TOKEN_MISSING expiry_ts=0
2026-07-06 08:33:10,528 - RazTraderPlus - WARNING - event=WALLET_TOKEN_MISSING wallet=W3
2026-07-06 08:33:10,528 - RazTraderPlus - WARNING - event=WALLET_DISABLED wallet=W3 reason=TOKEN_MISSING expiry_ts=0
2026-07-06 08:33:10,528 - RazTraderPlus - INFO - AdvancedAnalyticsEngine layers=5
2026-07-06 08:33:10,528 - RazTraderPlus - INFO - Advanced Analytics Engine: ENABLED
2026-07-06 08:33:10,543 - RazTraderPlus - WARNING - event=OPEN_ORDERS_REFRESH_FAIL wallet=W1 err=NameError: name '_is_arzplus_client' is not defined
2026-07-06 08:33:10,543 - RazTraderPlus - WARNING - event=OPEN_ORDERS_REFRESH_FAIL wallet=W2 err=NameError: name '_is_arzplus_client' is not defined
2026-07-06 08:33:10,543 - RazTraderPlus - WARNING - event=OPEN_ORDERS_REFRESH_FAIL wallet=W3 err=NameError: name '_is_arzplus_client' is not defined
2026-07-06 08:33:10,559 - RazTraderPlus - INFO - Logging initialized | dash=True
2026-07-06 08:33:10,559 - RazTraderPlus - WARNING - event=WALLET_TOKEN_MISSING wallet=W1
2026-07-06 08:33:10,559 - RazTraderPlus - WARNING - event=WALLET_DISABLED wallet=W1 reason=TOKEN_MISSING expiry_ts=0
2026-07-06 08:33:10,559 - RazTraderPlus - WARNING - event=WALLET_TOKEN_MISSING wallet=W2
2026-07-06 08:33:10,559 - RazTraderPlus - WARNING - event=WALLET_DISABLED wallet=W2 reason=TOKEN_MISSING expiry_ts=0
2026-07-06 08:33:10,559 - RazTraderPlus - WARNING - event=WALLET_TOKEN_MISSING wallet=W3
2026-07-06 08:33:10,559 - RazTraderPlus - WARNING - event=WALLET_DISABLED wallet=W3 reason=TOKEN_MISSING expiry_ts=0
2026-07-06 08:33:10,559 - RazTraderPlus - INFO - AdvancedAnalyticsEngine layers=5
2026-07-06 08:33:10,559 - RazTraderPlus - INFO - Advanced Analytics Engine: ENABLED
2026-07-06 08:33:10,559 - RazTraderPlus - WARNING - event=OPEN_ORDERS_REFRESH_FAIL wallet=W1 err=NameError: name '_is_arzplus_client' is not defined
2026-07-06 08:33:10,559 - RazTraderPlus - WARNING - event=OPEN_ORDERS_REFRESH_FAIL wallet=W2 err=NameError: name '_is_arzplus_client' is not defined
2026-07-06 08:33:10,559 - RazTraderPlus - WARNING - event=OPEN_ORDERS_REFRESH_FAIL wallet=W3 err=NameError: name '_is_arzplus_client' is not defined
2026-07-06 08:36:48,630 - RazTraderPlus - INFO - Logging initialized | dash=True
2026-07-06 08:36:48,630 - RazTraderPlus - WARNING - event=WALLET_TOKEN_MISSING wallet=W1
2026-07-06 08:36:48,630 - RazTraderPlus - WARNING - event=WALLET_DISABLED wallet=W1 reason=TOKEN_MISSING expiry_ts=0
2026-07-06 08:36:48,630 - RazTraderPlus - WARNING - event=WALLET_TOKEN_MISSING wallet=W2
2026-07-06 08:36:48,630 - RazTraderPlus - WARNING - event=WALLET_DISABLED wallet=W2 reason=TOKEN_MISSING expiry_ts=0
2026-07-06 08:36:48,630 - RazTraderPlus - WARNING - event=WALLET_TOKEN_MISSING wallet=W3
2026-07-06 08:36:48,630 - RazTraderPlus - WARNING - event=WALLET_DISABLED wallet=W3 reason=TOKEN_MISSING expiry_ts=0
2026-07-06 08:36:48,630 - RazTraderPlus - INFO - AdvancedAnalyticsEngine layers=5
2026-07-06 08:36:48,630 - RazTraderPlus - INFO - Advanced Analytics Engine: ENABLED
2026-07-06 08:36:48,630 - RazTraderPlus - WARNING - event=OPEN_ORDERS_REFRESH_FAIL wallet=W1 err=NameError: name '_is_arzplus_client' is not defined
2026-07-06 08:36:48,630 - RazTraderPlus - WARNING - event=OPEN_ORDERS_REFRESH_FAIL wallet=W2 err=NameError: name '_is_arzplus_client' is not defined
2026-07-06 08:36:48,630 - RazTraderPlus - WARNING - event=OPEN_ORDERS_REFRESH_FAIL wallet=W3 err=NameError: name '_is_arzplus_client' is not defined
2026-07-06 08:36:48,645 - RazTraderPlus - INFO - Logging initialized | dash=True
2026-07-06 08:36:48,645 - RazTraderPlus - WARNING - event=WALLET_TOKEN_MISSING wallet=W1
2026-07-06 08:36:48,645 - RazTraderPlus - WARNING - event=WALLET_DISABLED wallet=W1 reason=TOKEN_MISSING expiry_ts=0
2026-07-06 08:36:48,645 - RazTraderPlus - WARNING - event=WALLET_TOKEN_MISSING wallet=W2
2026-07-06 08:36:48,645 - RazTraderPlus - WARNING - event=WALLET_DISABLED wallet=W2 reason=TOKEN_MISSING expiry_ts=0
2026-07-06 08:36:48,645 - RazTraderPlus - WARNING - event=WALLET_TOKEN_MISSING wallet=W3
2026-07-06 08:36:48,645 - RazTraderPlus - WARNING - event=WALLET_DISABLED wallet=W3 reason=TOKEN_MISSING expiry_ts=0
2026-07-06 08:36:48,661 - RazTraderPlus - INFO - AdvancedAnalyticsEngine layers=5
2026-07-06 08:36:48,661 - RazTraderPlus - INFO - Advanced Analytics Engine: ENABLED
2026-07-06 08:36:48,661 - RazTraderPlus - WARNING - event=OPEN_ORDERS_REFRESH_FAIL wallet=W1 err=NameError: name '_is_arzplus_client' is not defined
2026-07-06 08:36:48,661 - RazTraderPlus - WARNING - event=OPEN_ORDERS_REFRESH_FAIL wallet=W2 err=NameError: name '_is_arzplus_client' is not defined
2026-07-06 08:36:48,661 - RazTraderPlus - WARNING - event=OPEN_ORDERS_REFRESH_FAIL wallet=W3 err=NameError: name '_is_arzplus_client' is not defined
2026-07-06 08:36:48,677 - RazTraderPlus - INFO - Logging initialized | dash=True
2026-07-06 08:36:48,677 - RazTraderPlus - WARNING - event=WALLET_TOKEN_MISSING wallet=W1
2026-07-06 08:36:48,677 - RazTraderPlus - WARNING - event=WALLET_DISABLED wallet=W1 reason=TOKEN_MISSING expiry_ts=0
2026-07-06 08:36:48,677 - RazTraderPlus - WARNING - event=WALLET_TOKEN_MISSING wallet=W2
2026-07-06 08:36:48,683 - RazTraderPlus - WARNING - event=WALLET_DISABLED wallet=W2 reason=TOKEN_MISSING expiry_ts=0
2026-07-06 08:36:48,683 - RazTraderPlus - WARNING - event=WALLET_TOKEN_MISSING wallet=W3
2026-07-06 08:36:48,683 - RazTraderPlus - WARNING - event=WALLET_DISABLED wallet=W3 reason=TOKEN_MISSING expiry_ts=0
2026-07-06 08:36:48,683 - RazTraderPlus - INFO - AdvancedAnalyticsEngine layers=5
2026-07-06 08:36:48,683 - RazTraderPlus - INFO - Advanced Analytics Engine: ENABLED
2026-07-06 08:36:48,683 - RazTraderPlus - WARNING - event=OPEN_ORDERS_REFRESH_FAIL wallet=W1 err=NameError: name '_is_arzplus_client' is not defined
2026-07-06 08:36:48,683 - RazTraderPlus - WARNING - event=OPEN_ORDERS_REFRESH_FAIL wallet=W2 err=NameError: name '_is_arzplus_client' is not defined
2026-07-06 08:36:48,683 - RazTraderPlus - WARNING - event=OPEN_ORDERS_REFRESH_FAIL wallet=W3 err=NameError: name '_is_arzplus_client' is not defined
2026-07-06 08:36:48,699 - RazTraderPlus - INFO - Logging initialized | dash=True
2026-07-06 08:36:48,699 - RazTraderPlus - WARNING - event=WALLET_TOKEN_MISSING wallet=W1
2026-07-06 08:36:48,699 - RazTraderPlus - WARNING - event=WALLET_DISABLED wallet=W1 reason=TOKEN_MISSING expiry_ts=0
2026-07-06 08:36:48,699 - RazTraderPlus - WARNING - event=WALLET_TOKEN_MISSING wallet=W2
2026-07-06 08:36:48,699 - RazTraderPlus - WARNING - event=WALLET_DISABLED wallet=W2 reason=TOKEN_MISSING expiry_ts=0
2026-07-06 08:36:48,699 - RazTraderPlus - WARNING - event=WALLET_TOKEN_MISSING wallet=W3
2026-07-06 08:36:48,699 - RazTraderPlus - WARNING - event=WALLET_DISABLED wallet=W3 reason=TOKEN_MISSING expiry_ts=0
2026-07-06 08:36:48,699 - RazTraderPlus - INFO - AdvancedAnalyticsEngine layers=5
2026-07-06 08:36:48,699 - RazTraderPlus - INFO - Advanced Analytics Engine: ENABLED
2026-07-06 08:36:48,715 - RazTraderPlus - WARNING - event=OPEN_ORDERS_REFRESH_FAIL wallet=W1 err=NameError: name '_is_arzplus_client' is not defined
2026-07-06 08:36:48,715 - RazTraderPlus - WARNING - event=OPEN_ORDERS_REFRESH_FAIL wallet=W2 err=NameError: name '_is_arzplus_client' is not defined
2026-07-06 08:36:48,715 - RazTraderPlus - WARNING - event=OPEN_ORDERS_REFRESH_FAIL wallet=W3 err=NameError: name '_is_arzplus_client' is not defined
2026-07-06 08:37:52,410 - RazTraderPlus - INFO - Logging initialized | dash=True
2026-07-06 08:37:52,410 - RazTraderPlus - WARNING - event=WALLET_TOKEN_MISSING wallet=W1
2026-07-06 08:37:52,410 - RazTraderPlus - WARNING - event=WALLET_DISABLED wallet=W1 reason=TOKEN_MISSING expiry_ts=0
2026-07-06 08:37:52,410 - RazTraderPlus - WARNING - event=WALLET_TOKEN_MISSING wallet=W2
2026-07-06 08:37:52,410 - RazTraderPlus - WARNING - event=WALLET_DISABLED wallet=W2 reason=TOKEN_MISSING expiry_ts=0
2026-07-06 08:37:52,410 - RazTraderPlus - WARNING - event=WALLET_TOKEN_MISSING wallet=W3
2026-07-06 08:37:52,410 - RazTraderPlus - WARNING - event=WALLET_DISABLED wallet=W3 reason=TOKEN_MISSING expiry_ts=0
2026-07-06 08:37:52,426 - RazTraderPlus - INFO - AdvancedAnalyticsEngine layers=5
2026-07-06 08:37:52,426 - RazTraderPlus - INFO - Advanced Analytics Engine: ENABLED
2026-07-06 08:37:52,426 - RazTraderPlus - WARNING - event=OPEN_ORDERS_REFRESH_FAIL wallet=W1 err=NameError: name '_is_arzplus_client' is not defined
2026-07-06 08:37:52,426 - RazTraderPlus - WARNING - event=OPEN_ORDERS_REFRESH_FAIL wallet=W2 err=NameError: name '_is_arzplus_client' is not defined
2026-07-06 08:37:52,426 - RazTraderPlus - WARNING - event=OPEN_ORDERS_REFRESH_FAIL wallet=W3 err=NameError: name '_is_arzplus_client' is not defined
2026-07-06 08:37:52,441 - RazTraderPlus - INFO - Logging initialized | dash=True
2026-07-06 08:37:52,441 - RazTraderPlus - WARNING - event=WALLET_TOKEN_MISSING wallet=W1
2026-07-06 08:37:52,441 - RazTraderPlus - WARNING - event=WALLET_DISABLED wallet=W1 reason=TOKEN_MISSING expiry_ts=0
2026-07-06 08:37:52,448 - RazTraderPlus - WARNING - event=WALLET_TOKEN_MISSING wallet=W2
2026-07-06 08:37:52,448 - RazTraderPlus - WARNING - event=WALLET_DISABLED wallet=W2 reason=TOKEN_MISSING expiry_ts=0
2026-07-06 08:37:52,448 - RazTraderPlus - WARNING - event=WALLET_TOKEN_MISSING wallet=W3
2026-07-06 08:37:52,448 - RazTraderPlus - WARNING - event=WALLET_DISABLED wallet=W3 reason=TOKEN_MISSING expiry_ts=0
2026-07-06 08:37:52,448 - RazTraderPlus - INFO - AdvancedAnalyticsEngine layers=5
2026-07-06 08:37:52,448 - RazTraderPlus - INFO - Advanced Analytics Engine: ENABLED
2026-07-06 08:37:52,448 - RazTraderPlus - WARNING - event=OPEN_ORDERS_REFRESH_FAIL wallet=W1 err=NameError: name '_is_arzplus_client' is not defined
2026-07-06 08:37:52,448 - RazTraderPlus - WARNING - event=OPEN_ORDERS_REFRESH_FAIL wallet=W2 err=NameError: name '_is_arzplus_client' is not defined
2026-07-06 08:37:52,448 - RazTraderPlus - WARNING - event=OPEN_ORDERS_REFRESH_FAIL wallet=W3 err=NameError: name '_is_arzplus_client' is not defined
2026-07-06 08:37:52,463 - RazTraderPlus - INFO - Logging initialized | dash=True
2026-07-06 08:37:52,463 - RazTraderPlus - WARNING - event=WALLET_TOKEN_MISSING wallet=W1
2026-07-06 08:37:52,463 - RazTraderPlus - WARNING - event=WALLET_DISABLED wallet=W1 reason=TOKEN_MISSING expiry_ts=0
2026-07-06 08:37:52,463 - RazTraderPlus - WARNING - event=WALLET_TOKEN_MISSING wallet=W2
2026-07-06 08:37:52,463 - RazTraderPlus - WARNING - event=WALLET_DISABLED wallet=W2 reason=TOKEN_MISSING expiry_ts=0
2026-07-06 08:37:52,463 - RazTraderPlus - WARNING - event=WALLET_TOKEN_MISSING wallet=W3
2026-07-06 08:37:52,463 - RazTraderPlus - WARNING - event=WALLET_DISABLED wallet=W3 reason=TOKEN_MISSING expiry_ts=0
2026-07-06 08:37:52,463 - RazTraderPlus - INFO - AdvancedAnalyticsEngine layers=5
2026-07-06 08:37:52,463 - RazTraderPlus - INFO - Advanced Analytics Engine: ENABLED
2026-07-06 08:37:52,463 - RazTraderPlus - WARNING - event=OPEN_ORDERS_REFRESH_FAIL wallet=W1 err=NameError: name '_is_arzplus_client' is not defined
2026-07-06 08:37:52,463 - RazTraderPlus - WARNING - event=OPEN_ORDERS_REFRESH_FAIL wallet=W2 err=NameError: name '_is_arzplus_client' is not defined
2026-07-06 08:37:52,479 - RazTraderPlus - WARNING - event=OPEN_ORDERS_REFRESH_FAIL wallet=W3 err=NameError: name '_is_arzplus_client' is not defined
2026-07-06 08:37:52,479 - RazTraderPlus - INFO - Logging initialized | dash=True
2026-07-06 08:37:52,479 - RazTraderPlus - WARNING - event=WALLET_TOKEN_MISSING wallet=W1
2026-07-06 08:37:52,479 - RazTraderPlus - WARNING - event=WALLET_DISABLED wallet=W1 reason=TOKEN_MISSING expiry_ts=0
2026-07-06 08:37:52,479 - RazTraderPlus - WARNING - event=WALLET_TOKEN_MISSING wallet=W2
2026-07-06 08:37:52,479 - RazTraderPlus - WARNING - event=WALLET_DISABLED wallet=W2 reason=TOKEN_MISSING expiry_ts=0
2026-07-06 08:37:52,495 - RazTraderPlus - WARNING - event=WALLET_TOKEN_MISSING wallet=W3
2026-07-06 08:37:52,495 - RazTraderPlus - WARNING - event=WALLET_DISABLED wallet=W3 reason=TOKEN_MISSING expiry_ts=0
2026-07-06 08:37:52,495 - RazTraderPlus - INFO - AdvancedAnalyticsEngine layers=5
2026-07-06 08:37:52,495 - RazTraderPlus - INFO - Advanced Analytics Engine: ENABLED
2026-07-06 08:37:52,495 - RazTraderPlus - WARNING - event=OPEN_ORDERS_REFRESH_FAIL wallet=W1 err=NameError: name '_is_arzplus_client' is not defined
2026-07-06 08:37:52,495 - RazTraderPlus - WARNING - event=OPEN_ORDERS_REFRESH_FAIL wallet=W2 err=NameError: name '_is_arzplus_client' is not defined
2026-07-06 08:37:52,495 - RazTraderPlus - WARNING - event=OPEN_ORDERS_REFRESH_FAIL wallet=W3 err=NameError: name '_is_arzplus_client' is not defined
2026-07-06 09:20:51,423 - RazTraderPlus - INFO - Logging initialized | dash=True
2026-07-06 09:20:51,423 - RazTraderPlus - WARNING - event=WALLET_TOKEN_MISSING wallet=W1
2026-07-06 09:20:51,423 - RazTraderPlus - WARNING - event=WALLET_DISABLED wallet=W1 reason=TOKEN_MISSING expiry_ts=0
2026-07-06 09:20:51,423 - RazTraderPlus - WARNING - event=WALLET_TOKEN_MISSING wallet=W2
2026-07-06 09:20:51,423 - RazTraderPlus - WARNING - event=WALLET_DISABLED wallet=W2 reason=TOKEN_MISSING expiry_ts=0
2026-07-06 09:20:51,423 - RazTraderPlus - WARNING - event=WALLET_TOKEN_MISSING wallet=W3
2026-07-06 09:20:51,423 - RazTraderPlus - WARNING - event=WALLET_DISABLED wallet=W3 reason=TOKEN_MISSING expiry_ts=0
2026-07-06 09:20:51,423 - RazTraderPlus - INFO - AdvancedAnalyticsEngine layers=5
2026-07-06 09:20:51,423 - RazTraderPlus - INFO - Advanced Analytics Engine: ENABLED
2026-07-06 09:20:51,423 - RazTraderPlus - WARNING - event=OPEN_ORDERS_REFRESH_FAIL wallet=W1 err=NameError: name '_is_arzplus_client' is not defined
2026-07-06 09:20:51,423 - RazTraderPlus - WARNING - event=OPEN_ORDERS_REFRESH_FAIL wallet=W2 err=NameError: name '_is_arzplus_client' is not defined
2026-07-06 09:20:51,423 - RazTraderPlus - WARNING - event=OPEN_ORDERS_REFRESH_FAIL wallet=W3 err=NameError: name '_is_arzplus_client' is not defined
2026-07-06 09:20:51,439 - RazTraderPlus - INFO - Logging initialized | dash=True
2026-07-06 09:20:51,439 - RazTraderPlus - WARNING - event=WALLET_TOKEN_MISSING wallet=W1
2026-07-06 09:20:51,439 - RazTraderPlus - WARNING - event=WALLET_DISABLED wallet=W1 reason=TOKEN_MISSING expiry_ts=0
2026-07-06 09:20:51,439 - RazTraderPlus - WARNING - event=WALLET_TOKEN_MISSING wallet=W2
2026-07-06 09:20:51,439 - RazTraderPlus - WARNING - event=WALLET_DISABLED wallet=W2 reason=TOKEN_MISSING expiry_ts=0
2026-07-06 09:20:51,439 - RazTraderPlus - WARNING - event=WALLET_TOKEN_MISSING wallet=W3
2026-07-06 09:20:51,439 - RazTraderPlus - WARNING - event=WALLET_DISABLED wallet=W3 reason=TOKEN_MISSING expiry_ts=0
2026-07-06 09:20:51,454 - RazTraderPlus - INFO - AdvancedAnalyticsEngine layers=5
2026-07-06 09:20:51,454 - RazTraderPlus - INFO - Advanced Analytics Engine: ENABLED
2026-07-06 09:20:51,454 - RazTraderPlus - WARNING - event=OPEN_ORDERS_REFRESH_FAIL wallet=W1 err=NameError: name '_is_arzplus_client' is not defined
2026-07-06 09:20:51,454 - RazTraderPlus - WARNING - event=OPEN_ORDERS_REFRESH_FAIL wallet=W2 err=NameError: name '_is_arzplus_client' is not defined
2026-07-06 09:20:51,454 - RazTraderPlus - WARNING - event=OPEN_ORDERS_REFRESH_FAIL wallet=W3 err=NameError: name '_is_arzplus_client' is not defined
2026-07-06 09:20:51,470 - RazTraderPlus - INFO - Logging initialized | dash=True
2026-07-06 09:20:51,470 - RazTraderPlus - WARNING - event=WALLET_TOKEN_MISSING wallet=W1
2026-07-06 09:20:51,470 - RazTraderPlus - WARNING - event=WALLET_DISABLED wallet=W1 reason=TOKEN_MISSING expiry_ts=0
2026-07-06 09:20:51,470 - RazTraderPlus - WARNING - event=WALLET_TOKEN_MISSING wallet=W2
2026-07-06 09:20:51,470 - RazTraderPlus - WARNING - event=WALLET_DISABLED wallet=W2 reason=TOKEN_MISSING expiry_ts=0
2026-07-06 09:20:51,470 - RazTraderPlus - WARNING - event=WALLET_TOKEN_MISSING wallet=W3
2026-07-06 09:20:51,470 - RazTraderPlus - WARNING - event=WALLET_DISABLED wallet=W3 reason=TOKEN_MISSING expiry_ts=0
2026-07-06 09:20:51,470 - RazTraderPlus - INFO - AdvancedAnalyticsEngine layers=5
2026-07-06 09:20:51,470 - RazTraderPlus - INFO - Advanced Analytics Engine: ENABLED
2026-07-06 09:20:51,470 - RazTraderPlus - WARNING - event=OPEN_ORDERS_REFRESH_FAIL wallet=W1 err=NameError: name '_is_arzplus_client' is not defined
2026-07-06 09:20:51,470 - RazTraderPlus - WARNING - event=OPEN_ORDERS_REFRESH_FAIL wallet=W2 err=NameError: name '_is_arzplus_client' is not defined
2026-07-06 09:20:51,470 - RazTraderPlus - WARNING - event=OPEN_ORDERS_REFRESH_FAIL wallet=W3 err=NameError: name '_is_arzplus_client' is not defined
2026-07-06 09:20:51,486 - RazTraderPlus - INFO - Logging initialized | dash=True
2026-07-06 09:20:51,486 - RazTraderPlus - WARNING - event=WALLET_TOKEN_MISSING wallet=W1
2026-07-06 09:20:51,486 - RazTraderPlus - WARNING - event=WALLET_DISABLED wallet=W1 reason=TOKEN_MISSING expiry_ts=0
2026-07-06 09:20:51,486 - RazTraderPlus - WARNING - event=WALLET_TOKEN_MISSING wallet=W2
2026-07-06 09:20:51,486 - RazTraderPlus - WARNING - event=WALLET_DISABLED wallet=W2 reason=TOKEN_MISSING expiry_ts=0
2026-07-06 09:20:51,486 - RazTraderPlus - WARNING - event=WALLET_TOKEN_MISSING wallet=W3
2026-07-06 09:20:51,486 - RazTraderPlus - WARNING - event=WALLET_DISABLED wallet=W3 reason=TOKEN_MISSING expiry_ts=0
2026-07-06 09:20:51,486 - RazTraderPlus - INFO - AdvancedAnalyticsEngine layers=5
2026-07-06 09:20:51,501 - RazTraderPlus - INFO - Advanced Analytics Engine: ENABLED
2026-07-06 09:20:51,501 - RazTraderPlus - WARNING - event=OPEN_ORDERS_REFRESH_FAIL wallet=W1 err=NameError: name '_is_arzplus_client' is not defined
2026-07-06 09:20:51,501 - RazTraderPlus - WARNING - event=OPEN_ORDERS_REFRESH_FAIL wallet=W2 err=NameError: name '_is_arzplus_client' is not defined
2026-07-06 09:20:51,501 - RazTraderPlus - WARNING - event=OPEN_ORDERS_REFRESH_FAIL wallet=W3 err=NameError: name '_is_arzplus_client' is not defined
2026-07-06 13:48:29,739 - RazTraderPlus - INFO - Logging initialized | dash=True
2026-07-06 13:48:29,739 - RazTraderPlus - WARNING - event=WALLET_TOKEN_MISSING wallet=W1
2026-07-06 13:48:29,739 - RazTraderPlus - WARNING - event=WALLET_DISABLED wallet=W1 reason=TOKEN_MISSING expiry_ts=0
2026-07-06 13:48:29,754 - RazTraderPlus - WARNING - event=WALLET_TOKEN_MISSING wallet=W2
2026-07-06 13:48:29,754 - RazTraderPlus - WARNING - event=WALLET_DISABLED wallet=W2 reason=TOKEN_MISSING expiry_ts=0
2026-07-06 13:48:29,754 - RazTraderPlus - WARNING - event=WALLET_TOKEN_MISSING wallet=W3
2026-07-06 13:48:29,754 - RazTraderPlus - WARNING - event=WALLET_DISABLED wallet=W3 reason=TOKEN_MISSING expiry_ts=0
2026-07-06 13:48:29,754 - RazTraderPlus - INFO - AdvancedAnalyticsEngine layers=5
2026-07-06 13:48:29,754 - RazTraderPlus - INFO - Advanced Analytics Engine: ENABLED
2026-07-06 13:48:29,754 - RazTraderPlus - WARNING - event=OPEN_ORDERS_REFRESH_FAIL wallet=W1 err=NameError: name '_is_arzplus_client' is not defined
2026-07-06 13:48:29,754 - RazTraderPlus - WARNING - event=OPEN_ORDERS_REFRESH_FAIL wallet=W2 err=NameError: name '_is_arzplus_client' is not defined
2026-07-06 13:48:29,754 - RazTraderPlus - WARNING - event=OPEN_ORDERS_REFRESH_FAIL wallet=W3 err=NameError: name '_is_arzplus_client' is not defined
2026-07-06 13:48:29,770 - RazTraderPlus - INFO - Logging initialized | dash=True
2026-07-06 13:48:29,770 - RazTraderPlus - WARNING - event=WALLET_TOKEN_MISSING wallet=W1
2026-07-06 13:48:29,770 - RazTraderPlus - WARNING - event=WALLET_DISABLED wallet=W1 reason=TOKEN_MISSING expiry_ts=0
2026-07-06 13:48:29,770 - RazTraderPlus - WARNING - event=WALLET_TOKEN_MISSING wallet=W2
2026-07-06 13:48:29,770 - RazTraderPlus - WARNING - event=WALLET_DISABLED wallet=W2 reason=TOKEN_MISSING expiry_ts=0
2026-07-06 13:48:29,770 - RazTraderPlus - WARNING - event=WALLET_TOKEN_MISSING wallet=W3
2026-07-06 13:48:29,770 - RazTraderPlus - WARNING - event=WALLET_DISABLED wallet=W3 reason=TOKEN_MISSING expiry_ts=0
2026-07-06 13:48:29,770 - RazTraderPlus - INFO - AdvancedAnalyticsEngine layers=5
2026-07-06 13:48:29,770 - RazTraderPlus - INFO - Advanced Analytics Engine: ENABLED
2026-07-06 13:48:29,770 - RazTraderPlus - WARNING - event=OPEN_ORDERS_REFRESH_FAIL wallet=W1 err=NameError: name '_is_arzplus_client' is not defined
2026-07-06 13:48:29,786 - RazTraderPlus - WARNING - event=OPEN_ORDERS_REFRESH_FAIL wallet=W2 err=NameError: name '_is_arzplus_client' is not defined
2026-07-06 13:48:29,786 - RazTraderPlus - WARNING - event=OPEN_ORDERS_REFRESH_FAIL wallet=W3 err=NameError: name '_is_arzplus_client' is not defined
2026-07-06 13:48:29,792 - RazTraderPlus - INFO - Logging initialized | dash=True
2026-07-06 13:48:29,792 - RazTraderPlus - WARNING - event=WALLET_TOKEN_MISSING wallet=W1
2026-07-06 13:48:29,792 - RazTraderPlus - WARNING - event=WALLET_DISABLED wallet=W1 reason=TOKEN_MISSING expiry_ts=0
2026-07-06 13:48:29,792 - RazTraderPlus - WARNING - event=WALLET_TOKEN_MISSING wallet=W2
2026-07-06 13:48:29,792 - RazTraderPlus - WARNING - event=WALLET_DISABLED wallet=W2 reason=TOKEN_MISSING expiry_ts=0
2026-07-06 13:48:29,792 - RazTraderPlus - WARNING - event=WALLET_TOKEN_MISSING wallet=W3
2026-07-06 13:48:29,792 - RazTraderPlus - WARNING - event=WALLET_DISABLED wallet=W3 reason=TOKEN_MISSING expiry_ts=0
2026-07-06 13:48:29,802 - RazTraderPlus - INFO - AdvancedAnalyticsEngine layers=5
2026-07-06 13:48:29,802 - RazTraderPlus - INFO - Advanced Analytics Engine: ENABLED
2026-07-06 13:48:29,802 - RazTraderPlus - WARNING - event=OPEN_ORDERS_REFRESH_FAIL wallet=W1 err=NameError: name '_is_arzplus_client' is not defined
2026-07-06 13:48:29,802 - RazTraderPlus - WARNING - event=OPEN_ORDERS_REFRESH_FAIL wallet=W2 err=NameError: name '_is_arzplus_client' is not defined
2026-07-06 13:48:29,802 - RazTraderPlus - WARNING - event=OPEN_ORDERS_REFRESH_FAIL wallet=W3 err=NameError: name '_is_arzplus_client' is not defined
2026-07-06 13:48:29,818 - RazTraderPlus - INFO - Logging initialized | dash=True
2026-07-06 13:48:29,818 - RazTraderPlus - WARNING - event=WALLET_TOKEN_MISSING wallet=W1
2026-07-06 13:48:29,818 - RazTraderPlus - WARNING - event=WALLET_DISABLED wallet=W1 reason=TOKEN_MISSING expiry_ts=0
2026-07-06 13:48:29,818 - RazTraderPlus - WARNING - event=WALLET_TOKEN_MISSING wallet=W2
2026-07-06 13:48:29,818 - RazTraderPlus - WARNING - event=WALLET_DISABLED wallet=W2 reason=TOKEN_MISSING expiry_ts=0
2026-07-06 13:48:29,818 - RazTraderPlus - WARNING - event=WALLET_TOKEN_MISSING wallet=W3
2026-07-06 13:48:29,818 - RazTraderPlus - WARNING - event=WALLET_DISABLED wallet=W3 reason=TOKEN_MISSING expiry_ts=0
2026-07-06 13:48:29,818 - RazTraderPlus - INFO - AdvancedAnalyticsEngine layers=5
2026-07-06 13:48:29,818 - RazTraderPlus - INFO - Advanced Analytics Engine: ENABLED
2026-07-06 13:48:29,818 - RazTraderPlus - WARNING - event=OPEN_ORDERS_REFRESH_FAIL wallet=W1 err=NameError: name '_is_arzplus_client' is not defined
2026-07-06 13:48:29,818 - RazTraderPlus - WARNING - event=OPEN_ORDERS_REFRESH_FAIL wallet=W2 err=NameError: name '_is_arzplus_client' is not defined
2026-07-06 13:48:29,818 - RazTraderPlus - WARNING - event=OPEN_ORDERS_REFRESH_FAIL wallet=W3 err=NameError: name '_is_arzplus_client' is not defined
2026-07-06 13:56:25,461 - RazTraderPlus - INFO - Logging initialized | dash=True
2026-07-06 13:56:25,461 - RazTraderPlus - WARNING - event=WALLET_TOKEN_MISSING wallet=W1
2026-07-06 13:56:25,461 - RazTraderPlus - WARNING - event=WALLET_DISABLED wallet=W1 reason=TOKEN_MISSING expiry_ts=0
2026-07-06 13:56:25,477 - RazTraderPlus - WARNING - event=WALLET_TOKEN_MISSING wallet=W2
2026-07-06 13:56:25,477 - RazTraderPlus - WARNING - event=WALLET_DISABLED wallet=W2 reason=TOKEN_MISSING expiry_ts=0
2026-07-06 13:56:25,477 - RazTraderPlus - WARNING - event=WALLET_TOKEN_MISSING wallet=W3
2026-07-06 13:56:25,477 - RazTraderPlus - WARNING - event=WALLET_DISABLED wallet=W3 reason=TOKEN_MISSING expiry_ts=0
2026-07-06 13:56:25,477 - RazTraderPlus - INFO - AdvancedAnalyticsEngine layers=5
2026-07-06 13:56:25,477 - RazTraderPlus - INFO - Advanced Analytics Engine: ENABLED
2026-07-06 13:56:25,477 - RazTraderPlus - WARNING - event=OPEN_ORDERS_REFRESH_FAIL wallet=W1 err=NameError: name '_is_arzplus_client' is not defined
2026-07-06 13:56:25,477 - RazTraderPlus - WARNING - event=OPEN_ORDERS_REFRESH_FAIL wallet=W2 err=NameError: name '_is_arzplus_client' is not defined
2026-07-06 13:56:25,477 - RazTraderPlus - WARNING - event=OPEN_ORDERS_REFRESH_FAIL wallet=W3 err=NameError: name '_is_arzplus_client' is not defined
2026-07-06 13:56:25,492 - RazTraderPlus - INFO - Logging initialized | dash=True
2026-07-06 13:56:25,492 - RazTraderPlus - WARNING - event=WALLET_TOKEN_MISSING wallet=W1
2026-07-06 13:56:25,492 - RazTraderPlus - WARNING - event=WALLET_DISABLED wallet=W1 reason=TOKEN_MISSING expiry_ts=0
2026-07-06 13:56:25,492 - RazTraderPlus - WARNING - event=WALLET_TOKEN_MISSING wallet=W2
2026-07-06 13:56:25,492 - RazTraderPlus - WARNING - event=WALLET_DISABLED wallet=W2 reason=TOKEN_MISSING expiry_ts=0
2026-07-06 13:56:25,492 - RazTraderPlus - WARNING - event=WALLET_TOKEN_MISSING wallet=W3
2026-07-06 13:56:25,492 - RazTraderPlus - WARNING - event=WALLET_DISABLED wallet=W3 reason=TOKEN_MISSING expiry_ts=0
2026-07-06 13:56:25,492 - RazTraderPlus - INFO - AdvancedAnalyticsEngine layers=5
2026-07-06 13:56:25,492 - RazTraderPlus - INFO - Advanced Analytics Engine: ENABLED
2026-07-06 13:56:25,508 - RazTraderPlus - WARNING - event=OPEN_ORDERS_REFRESH_FAIL wallet=W1 err=NameError: name '_is_arzplus_client' is not defined
2026-07-06 13:56:25,508 - RazTraderPlus - WARNING - event=OPEN_ORDERS_REFRESH_FAIL wallet=W2 err=NameError: name '_is_arzplus_client' is not defined
2026-07-06 13:56:25,508 - RazTraderPlus - WARNING - event=OPEN_ORDERS_REFRESH_FAIL wallet=W3 err=NameError: name '_is_arzplus_client' is not defined
2026-07-06 13:56:25,508 - RazTraderPlus - INFO - Logging initialized | dash=True
2026-07-06 13:56:25,508 - RazTraderPlus - WARNING - event=WALLET_TOKEN_MISSING wallet=W1
2026-07-06 13:56:25,508 - RazTraderPlus - WARNING - event=WALLET_DISABLED wallet=W1 reason=TOKEN_MISSING expiry_ts=0
2026-07-06 13:56:25,524 - RazTraderPlus - WARNING - event=WALLET_TOKEN_MISSING wallet=W2
2026-07-06 13:56:25,524 - RazTraderPlus - WARNING - event=WALLET_DISABLED wallet=W2 reason=TOKEN_MISSING expiry_ts=0
2026-07-06 13:56:25,524 - RazTraderPlus - WARNING - event=WALLET_TOKEN_MISSING wallet=W3
2026-07-06 13:56:25,524 - RazTraderPlus - WARNING - event=WALLET_DISABLED wallet=W3 reason=TOKEN_MISSING expiry_ts=0
2026-07-06 13:56:25,524 - RazTraderPlus - INFO - AdvancedAnalyticsEngine layers=5
2026-07-06 13:56:25,524 - RazTraderPlus - INFO - Advanced Analytics Engine: ENABLED
2026-07-06 13:56:25,524 - RazTraderPlus - WARNING - event=OPEN_ORDERS_REFRESH_FAIL wallet=W1 err=NameError: name '_is_arzplus_client' is not defined
2026-07-06 13:56:25,524 - RazTraderPlus - WARNING - event=OPEN_ORDERS_REFRESH_FAIL wallet=W2 err=NameError: name '_is_arzplus_client' is not defined
2026-07-06 13:56:25,524 - RazTraderPlus - WARNING - event=OPEN_ORDERS_REFRESH_FAIL wallet=W3 err=NameError: name '_is_arzplus_client' is not defined
2026-07-06 13:56:25,539 - RazTraderPlus - INFO - Logging initialized | dash=True
2026-07-06 13:56:25,539 - RazTraderPlus - WARNING - event=WALLET_TOKEN_MISSING wallet=W1
2026-07-06 13:56:25,539 - RazTraderPlus - WARNING - event=WALLET_DISABLED wallet=W1 reason=TOKEN_MISSING expiry_ts=0
2026-07-06 13:56:25,539 - RazTraderPlus - WARNING - event=WALLET_TOKEN_MISSING wallet=W2
2026-07-06 13:56:25,539 - RazTraderPlus - WARNING - event=WALLET_DISABLED wallet=W2 reason=TOKEN_MISSING expiry_ts=0
2026-07-06 13:56:25,539 - RazTraderPlus - WARNING - event=WALLET_TOKEN_MISSING wallet=W3
2026-07-06 13:56:25,539 - RazTraderPlus - WARNING - event=WALLET_DISABLED wallet=W3 reason=TOKEN_MISSING expiry_ts=0
2026-07-06 13:56:25,539 - RazTraderPlus - INFO - AdvancedAnalyticsEngine layers=5
2026-07-06 13:56:25,539 - RazTraderPlus - INFO - Advanced Analytics Engine: ENABLED
2026-07-06 13:56:25,539 - RazTraderPlus - WARNING - event=OPEN_ORDERS_REFRESH_FAIL wallet=W1 err=NameError: name '_is_arzplus_client' is not defined
2026-07-06 13:56:25,539 - RazTraderPlus - WARNING - event=OPEN_ORDERS_REFRESH_FAIL wallet=W2 err=NameError: name '_is_arzplus_client' is not defined
2026-07-06 13:56:25,539 - RazTraderPlus - WARNING - event=OPEN_ORDERS_REFRESH_FAIL wallet=W3 err=NameError: name '_is_arzplus_client' is not defined
2026-07-06 13:58:25,113 - RazTraderPlus - INFO - Logging initialized | dash=True
2026-07-06 13:58:25,113 - RazTraderPlus - WARNING - event=WALLET_TOKEN_MISSING wallet=W1
2026-07-06 13:58:25,119 - RazTraderPlus - WARNING - event=WALLET_DISABLED wallet=W1 reason=TOKEN_MISSING expiry_ts=0
2026-07-06 13:58:25,119 - RazTraderPlus - WARNING - event=WALLET_TOKEN_MISSING wallet=W2
2026-07-06 13:58:25,119 - RazTraderPlus - WARNING - event=WALLET_DISABLED wallet=W2 reason=TOKEN_MISSING expiry_ts=0
2026-07-06 13:58:25,119 - RazTraderPlus - WARNING - event=WALLET_TOKEN_MISSING wallet=W3
2026-07-06 13:58:25,119 - RazTraderPlus - WARNING - event=WALLET_DISABLED wallet=W3 reason=TOKEN_MISSING expiry_ts=0
2026-07-06 13:58:25,119 - RazTraderPlus - INFO - AdvancedAnalyticsEngine layers=5
2026-07-06 13:58:25,119 - RazTraderPlus - INFO - Advanced Analytics Engine: ENABLED
2026-07-06 13:58:25,119 - RazTraderPlus - WARNING - event=OPEN_ORDERS_REFRESH_FAIL wallet=W1 err=NameError: name '_is_arzplus_client' is not defined
2026-07-06 13:58:25,119 - RazTraderPlus - WARNING - event=OPEN_ORDERS_REFRESH_FAIL wallet=W2 err=NameError: name '_is_arzplus_client' is not defined
2026-07-06 13:58:25,119 - RazTraderPlus - WARNING - event=OPEN_ORDERS_REFRESH_FAIL wallet=W3 err=NameError: name '_is_arzplus_client' is not defined
2026-07-06 13:58:25,135 - RazTraderPlus - INFO - Logging initialized | dash=True
2026-07-06 13:58:25,135 - RazTraderPlus - WARNING - event=WALLET_TOKEN_MISSING wallet=W1
2026-07-06 13:58:25,135 - RazTraderPlus - WARNING - event=WALLET_DISABLED wallet=W1 reason=TOKEN_MISSING expiry_ts=0
2026-07-06 13:58:25,135 - RazTraderPlus - WARNING - event=WALLET_TOKEN_MISSING wallet=W2
2026-07-06 13:58:25,135 - RazTraderPlus - WARNING - event=WALLET_DISABLED wallet=W2 reason=TOKEN_MISSING expiry_ts=0
2026-07-06 13:58:25,135 - RazTraderPlus - WARNING - event=WALLET_TOKEN_MISSING wallet=W3
2026-07-06 13:58:25,135 - RazTraderPlus - WARNING - event=WALLET_DISABLED wallet=W3 reason=TOKEN_MISSING expiry_ts=0
2026-07-06 13:58:25,135 - RazTraderPlus - INFO - AdvancedAnalyticsEngine layers=5
2026-07-06 13:58:25,135 - RazTraderPlus - INFO - Advanced Analytics Engine: ENABLED
2026-07-06 13:58:25,150 - RazTraderPlus - WARNING - event=OPEN_ORDERS_REFRESH_FAIL wallet=W1 err=NameError: name '_is_arzplus_client' is not defined
2026-07-06 13:58:25,150 - RazTraderPlus - WARNING - event=OPEN_ORDERS_REFRESH_FAIL wallet=W2 err=NameError: name '_is_arzplus_client' is not defined
2026-07-06 13:58:25,150 - RazTraderPlus - WARNING - event=OPEN_ORDERS_REFRESH_FAIL wallet=W3 err=NameError: name '_is_arzplus_client' is not defined
2026-07-06 13:58:25,150 - RazTraderPlus - INFO - Logging initialized | dash=True
2026-07-06 13:58:25,150 - RazTraderPlus - WARNING - event=WALLET_TOKEN_MISSING wallet=W1
2026-07-06 13:58:25,150 - RazTraderPlus - WARNING - event=WALLET_DISABLED wallet=W1 reason=TOKEN_MISSING expiry_ts=0
2026-07-06 13:58:25,150 - RazTraderPlus - WARNING - event=WALLET_TOKEN_MISSING wallet=W2
2026-07-06 13:58:25,150 - RazTraderPlus - WARNING - event=WALLET_DISABLED wallet=W2 reason=TOKEN_MISSING expiry_ts=0
2026-07-06 13:58:25,150 - RazTraderPlus - WARNING - event=WALLET_TOKEN_MISSING wallet=W3
2026-07-06 13:58:25,166 - RazTraderPlus - WARNING - event=WALLET_DISABLED wallet=W3 reason=TOKEN_MISSING expiry_ts=0
2026-07-06 13:58:25,166 - RazTraderPlus - INFO - AdvancedAnalyticsEngine layers=5
2026-07-06 13:58:25,166 - RazTraderPlus - INFO - Advanced Analytics Engine: ENABLED
2026-07-06 13:58:25,166 - RazTraderPlus - WARNING - event=OPEN_ORDERS_REFRESH_FAIL wallet=W1 err=NameError: name '_is_arzplus_client' is not defined
2026-07-06 13:58:25,166 - RazTraderPlus - WARNING - event=OPEN_ORDERS_REFRESH_FAIL wallet=W2 err=NameError: name '_is_arzplus_client' is not defined
2026-07-06 13:58:25,166 - RazTraderPlus - WARNING - event=OPEN_ORDERS_REFRESH_FAIL wallet=W3 err=NameError: name '_is_arzplus_client' is not defined
2026-07-06 13:58:25,181 - RazTraderPlus - INFO - Logging initialized | dash=True
2026-07-06 13:58:25,181 - RazTraderPlus - WARNING - event=WALLET_TOKEN_MISSING wallet=W1
2026-07-06 13:58:25,181 - RazTraderPlus - WARNING - event=WALLET_DISABLED wallet=W1 reason=TOKEN_MISSING expiry_ts=0
2026-07-06 13:58:25,181 - RazTraderPlus - WARNING - event=WALLET_TOKEN_MISSING wallet=W2
2026-07-06 13:58:25,181 - RazTraderPlus - WARNING - event=WALLET_DISABLED wallet=W2 reason=TOKEN_MISSING expiry_ts=0
2026-07-06 13:58:25,181 - RazTraderPlus - WARNING - event=WALLET_TOKEN_MISSING wallet=W3
2026-07-06 13:58:25,181 - RazTraderPlus - WARNING - event=WALLET_DISABLED wallet=W3 reason=TOKEN_MISSING expiry_ts=0
2026-07-06 13:58:25,181 - RazTraderPlus - INFO - AdvancedAnalyticsEngine layers=5
2026-07-06 13:58:25,181 - RazTraderPlus - INFO - Advanced Analytics Engine: ENABLED
2026-07-06 13:58:25,181 - RazTraderPlus - WARNING - event=OPEN_ORDERS_REFRESH_FAIL wallet=W1 err=NameError: name '_is_arzplus_client' is not defined
2026-07-06 13:58:25,181 - RazTraderPlus - WARNING - event=OPEN_ORDERS_REFRESH_FAIL wallet=W2 err=NameError: name '_is_arzplus_client' is not defined
2026-07-06 13:58:25,181 - RazTraderPlus - WARNING - event=OPEN_ORDERS_REFRESH_FAIL wallet=W3 err=NameError: name '_is_arzplus_client' is not defined
2026-07-06 14:09:51,731 - RazTraderPlus - INFO - Logging initialized | dash=True
2026-07-06 14:09:51,731 - RazTraderPlus - WARNING - event=WALLET_TOKEN_MISSING wallet=W1
2026-07-06 14:09:51,731 - RazTraderPlus - WARNING - event=WALLET_DISABLED wallet=W1 reason=TOKEN_MISSING expiry_ts=0
2026-07-06 14:09:51,731 - RazTraderPlus - WARNING - event=WALLET_TOKEN_MISSING wallet=W2
2026-07-06 14:09:51,731 - RazTraderPlus - WARNING - event=WALLET_DISABLED wallet=W2 reason=TOKEN_MISSING expiry_ts=0
2026-07-06 14:09:51,731 - RazTraderPlus - WARNING - event=WALLET_TOKEN_MISSING wallet=W3
2026-07-06 14:09:51,731 - RazTraderPlus - WARNING - event=WALLET_DISABLED wallet=W3 reason=TOKEN_MISSING expiry_ts=0
2026-07-06 14:09:51,731 - RazTraderPlus - INFO - AdvancedAnalyticsEngine layers=5
2026-07-06 14:09:51,731 - RazTraderPlus - INFO - Advanced Analytics Engine: ENABLED
2026-07-06 14:09:51,747 - RazTraderPlus - WARNING - event=OPEN_ORDERS_REFRESH_FAIL wallet=W1 err=NameError: name '_is_arzplus_client' is not defined
2026-07-06 14:09:51,747 - RazTraderPlus - WARNING - event=OPEN_ORDERS_REFRESH_FAIL wallet=W2 err=NameError: name '_is_arzplus_client' is not defined
2026-07-06 14:09:51,747 - RazTraderPlus - WARNING - event=OPEN_ORDERS_REFRESH_FAIL wallet=W3 err=NameError: name '_is_arzplus_client' is not defined
2026-07-06 14:09:51,747 - RazTraderPlus - INFO - Logging initialized | dash=True
2026-07-06 14:09:51,747 - RazTraderPlus - WARNING - event=WALLET_TOKEN_MISSING wallet=W1
2026-07-06 14:09:51,747 - RazTraderPlus - WARNING - event=WALLET_DISABLED wallet=W1 reason=TOKEN_MISSING expiry_ts=0
2026-07-06 14:09:51,747 - RazTraderPlus - WARNING - event=WALLET_TOKEN_MISSING wallet=W2
2026-07-06 14:09:51,762 - RazTraderPlus - WARNING - event=WALLET_DISABLED wallet=W2 reason=TOKEN_MISSING expiry_ts=0
2026-07-06 14:09:51,762 - RazTraderPlus - WARNING - event=WALLET_TOKEN_MISSING wallet=W3
2026-07-06 14:09:51,762 - RazTraderPlus - WARNING - event=WALLET_DISABLED wallet=W3 reason=TOKEN_MISSING expiry_ts=0
2026-07-06 14:09:51,762 - RazTraderPlus - INFO - AdvancedAnalyticsEngine layers=5
2026-07-06 14:09:51,762 - RazTraderPlus - INFO - Advanced Analytics Engine: ENABLED
2026-07-06 14:09:51,769 - RazTraderPlus - WARNING - event=OPEN_ORDERS_REFRESH_FAIL wallet=W1 err=NameError: name '_is_arzplus_client' is not defined
2026-07-06 14:09:51,769 - RazTraderPlus - WARNING - event=OPEN_ORDERS_REFRESH_FAIL wallet=W2 err=NameError: name '_is_arzplus_client' is not defined
2026-07-06 14:09:51,769 - RazTraderPlus - WARNING - event=OPEN_ORDERS_REFRESH_FAIL wallet=W3 err=NameError: name '_is_arzplus_client' is not defined
2026-07-06 14:09:51,769 - RazTraderPlus - INFO - Logging initialized | dash=True
2026-07-06 14:09:51,769 - RazTraderPlus - WARNING - event=WALLET_TOKEN_MISSING wallet=W1
2026-07-06 14:09:51,769 - RazTraderPlus - WARNING - event=WALLET_DISABLED wallet=W1 reason=TOKEN_MISSING expiry_ts=0
2026-07-06 14:09:51,769 - RazTraderPlus - WARNING - event=WALLET_TOKEN_MISSING wallet=W2
2026-07-06 14:09:51,769 - RazTraderPlus - WARNING - event=WALLET_DISABLED wallet=W2 reason=TOKEN_MISSING expiry_ts=0
2026-07-06 14:09:51,769 - RazTraderPlus - WARNING - event=WALLET_TOKEN_MISSING wallet=W3
2026-07-06 14:09:51,769 - RazTraderPlus - WARNING - event=WALLET_DISABLED wallet=W3 reason=TOKEN_MISSING expiry_ts=0
2026-07-06 14:09:51,784 - RazTraderPlus - INFO - AdvancedAnalyticsEngine layers=5
2026-07-06 14:09:51,784 - RazTraderPlus - INFO - Advanced Analytics Engine: ENABLED
2026-07-06 14:09:51,784 - RazTraderPlus - WARNING - event=OPEN_ORDERS_REFRESH_FAIL wallet=W1 err=NameError: name '_is_arzplus_client' is not defined
2026-07-06 14:09:51,784 - RazTraderPlus - WARNING - event=OPEN_ORDERS_REFRESH_FAIL wallet=W2 err=NameError: name '_is_arzplus_client' is not defined
2026-07-06 14:09:51,784 - RazTraderPlus - WARNING - event=OPEN_ORDERS_REFRESH_FAIL wallet=W3 err=NameError: name '_is_arzplus_client' is not defined
2026-07-06 14:09:51,800 - RazTraderPlus - INFO - Logging initialized | dash=True
2026-07-06 14:09:51,800 - RazTraderPlus - WARNING - event=WALLET_TOKEN_MISSING wallet=W1
2026-07-06 14:09:51,800 - RazTraderPlus - WARNING - event=WALLET_DISABLED wallet=W1 reason=TOKEN_MISSING expiry_ts=0
2026-07-06 14:09:51,800 - RazTraderPlus - WARNING - event=WALLET_TOKEN_MISSING wallet=W2
2026-07-06 14:09:51,800 - RazTraderPlus - WARNING - event=WALLET_DISABLED wallet=W2 reason=TOKEN_MISSING expiry_ts=0
2026-07-06 14:09:51,800 - RazTraderPlus - WARNING - event=WALLET_TOKEN_MISSING wallet=W3
2026-07-06 14:09:51,800 - RazTraderPlus - WARNING - event=WALLET_DISABLED wallet=W3 reason=TOKEN_MISSING expiry_ts=0
2026-07-06 14:09:51,800 - RazTraderPlus - INFO - AdvancedAnalyticsEngine layers=5
2026-07-06 14:09:51,800 - RazTraderPlus - INFO - Advanced Analytics Engine: ENABLED
2026-07-06 14:09:51,816 - RazTraderPlus - WARNING - event=OPEN_ORDERS_REFRESH_FAIL wallet=W1 err=NameError: name '_is_arzplus_client' is not defined
2026-07-06 14:09:51,816 - RazTraderPlus - WARNING - event=OPEN_ORDERS_REFRESH_FAIL wallet=W2 err=NameError: name '_is_arzplus_client' is not defined
2026-07-06 14:09:51,816 - RazTraderPlus - WARNING - event=OPEN_ORDERS_REFRESH_FAIL wallet=W3 err=NameError: name '_is_arzplus_client' is not defined
2026-07-06 16:34:00,866 - RazTraderPlus - INFO - Logging initialized | dash=True
2026-07-06 16:34:00,866 - RazTraderPlus - WARNING - event=WALLET_TOKEN_MISSING wallet=W1
2026-07-06 16:34:00,866 - RazTraderPlus - WARNING - event=WALLET_DISABLED wallet=W1 reason=TOKEN_MISSING expiry_ts=0
2026-07-06 16:34:00,882 - RazTraderPlus - WARNING - event=WALLET_TOKEN_MISSING wallet=W2
2026-07-06 16:34:00,882 - RazTraderPlus - WARNING - event=WALLET_DISABLED wallet=W2 reason=TOKEN_MISSING expiry_ts=0
2026-07-06 16:34:00,882 - RazTraderPlus - WARNING - event=WALLET_TOKEN_MISSING wallet=W3
2026-07-06 16:34:00,882 - RazTraderPlus - WARNING - event=WALLET_DISABLED wallet=W3 reason=TOKEN_MISSING expiry_ts=0
2026-07-06 16:34:00,882 - RazTraderPlus - INFO - AdvancedAnalyticsEngine layers=5
2026-07-06 16:34:00,882 - RazTraderPlus - INFO - Advanced Analytics Engine: ENABLED
2026-07-06 16:34:00,882 - RazTraderPlus - WARNING - event=OPEN_ORDERS_REFRESH_FAIL wallet=W1 err=NameError: name '_is_arzplus_client' is not defined
2026-07-06 16:34:00,882 - RazTraderPlus - WARNING - event=OPEN_ORDERS_REFRESH_FAIL wallet=W2 err=NameError: name '_is_arzplus_client' is not defined
2026-07-06 16:34:00,882 - RazTraderPlus - WARNING - event=OPEN_ORDERS_REFRESH_FAIL wallet=W3 err=NameError: name '_is_arzplus_client' is not defined
2026-07-06 16:34:00,897 - RazTraderPlus - INFO - Logging initialized | dash=True
2026-07-06 16:34:00,897 - RazTraderPlus - WARNING - event=WALLET_TOKEN_MISSING wallet=W1
2026-07-06 16:34:00,897 - RazTraderPlus - WARNING - event=WALLET_DISABLED wallet=W1 reason=TOKEN_MISSING expiry_ts=0
2026-07-06 16:34:00,897 - RazTraderPlus - WARNING - event=WALLET_TOKEN_MISSING wallet=W2
2026-07-06 16:34:00,897 - RazTraderPlus - WARNING - event=WALLET_DISABLED wallet=W2 reason=TOKEN_MISSING expiry_ts=0
2026-07-06 16:34:00,897 - RazTraderPlus - WARNING - event=WALLET_TOKEN_MISSING wallet=W3
2026-07-06 16:34:00,897 - RazTraderPlus - WARNING - event=WALLET_DISABLED wallet=W3 reason=TOKEN_MISSING expiry_ts=0
2026-07-06 16:34:00,897 - RazTraderPlus - INFO - AdvancedAnalyticsEngine layers=5
2026-07-06 16:34:00,913 - RazTraderPlus - INFO - Advanced Analytics Engine: ENABLED
2026-07-06 16:34:00,913 - RazTraderPlus - WARNING - event=OPEN_ORDERS_REFRESH_FAIL wallet=W1 err=NameError: name '_is_arzplus_client' is not defined
2026-07-06 16:34:00,913 - RazTraderPlus - WARNING - event=OPEN_ORDERS_REFRESH_FAIL wallet=W2 err=NameError: name '_is_arzplus_client' is not defined
2026-07-06 16:34:00,913 - RazTraderPlus - WARNING - event=OPEN_ORDERS_REFRESH_FAIL wallet=W3 err=NameError: name '_is_arzplus_client' is not defined
2026-07-06 16:34:00,920 - RazTraderPlus - INFO - Logging initialized | dash=True
2026-07-06 16:34:00,920 - RazTraderPlus - WARNING - event=WALLET_TOKEN_MISSING wallet=W1
2026-07-06 16:34:00,920 - RazTraderPlus - WARNING - event=WALLET_DISABLED wallet=W1 reason=TOKEN_MISSING expiry_ts=0
2026-07-06 16:34:00,920 - RazTraderPlus - WARNING - event=WALLET_TOKEN_MISSING wallet=W2
2026-07-06 16:34:00,920 - RazTraderPlus - WARNING - event=WALLET_DISABLED wallet=W2 reason=TOKEN_MISSING expiry_ts=0
2026-07-06 16:34:00,920 - RazTraderPlus - WARNING - event=WALLET_TOKEN_MISSING wallet=W3
2026-07-06 16:34:00,920 - RazTraderPlus - WARNING - event=WALLET_DISABLED wallet=W3 reason=TOKEN_MISSING expiry_ts=0
2026-07-06 16:34:00,920 - RazTraderPlus - INFO - AdvancedAnalyticsEngine layers=5
2026-07-06 16:34:00,920 - RazTraderPlus - INFO - Advanced Analytics Engine: ENABLED
2026-07-06 16:34:00,935 - RazTraderPlus - WARNING - event=OPEN_ORDERS_REFRESH_FAIL wallet=W1 err=NameError: name '_is_arzplus_client' is not defined
2026-07-06 16:34:00,935 - RazTraderPlus - WARNING - event=OPEN_ORDERS_REFRESH_FAIL wallet=W2 err=NameError: name '_is_arzplus_client' is not defined
2026-07-06 16:34:00,935 - RazTraderPlus - WARNING - event=OPEN_ORDERS_REFRESH_FAIL wallet=W3 err=NameError: name '_is_arzplus_client' is not defined
2026-07-06 16:34:00,953 - RazTraderPlus - INFO - Logging initialized | dash=True
2026-07-06 16:34:00,954 - RazTraderPlus - WARNING - event=WALLET_TOKEN_MISSING wallet=W1
2026-07-06 16:34:00,955 - RazTraderPlus - WARNING - event=WALLET_DISABLED wallet=W1 reason=TOKEN_MISSING expiry_ts=0
2026-07-06 16:34:00,956 - RazTraderPlus - WARNING - event=WALLET_TOKEN_MISSING wallet=W2
2026-07-06 16:34:00,957 - RazTraderPlus - WARNING - event=WALLET_DISABLED wallet=W2 reason=TOKEN_MISSING expiry_ts=0
2026-07-06 16:34:00,958 - RazTraderPlus - WARNING - event=WALLET_TOKEN_MISSING wallet=W3
2026-07-06 16:34:00,959 - RazTraderPlus - WARNING - event=WALLET_DISABLED wallet=W3 reason=TOKEN_MISSING expiry_ts=0
2026-07-06 16:34:00,961 - RazTraderPlus - INFO - AdvancedAnalyticsEngine layers=5
2026-07-06 16:34:00,962 - RazTraderPlus - INFO - Advanced Analytics Engine: ENABLED
2026-07-06 16:34:00,965 - RazTraderPlus - WARNING - event=OPEN_ORDERS_REFRESH_FAIL wallet=W1 err=NameError: name '_is_arzplus_client' is not defined
2026-07-06 16:34:00,966 - RazTraderPlus - WARNING - event=OPEN_ORDERS_REFRESH_FAIL wallet=W2 err=NameError: name '_is_arzplus_client' is not defined
2026-07-06 16:34:00,967 - RazTraderPlus - WARNING - event=OPEN_ORDERS_REFRESH_FAIL wallet=W3 err=NameError: name '_is_arzplus_client' is not defined
2026-07-06 16:35:45,088 - RazTraderPlus - INFO - Logging initialized | dash=True
2026-07-06 16:35:45,088 - RazTraderPlus - WARNING - event=WALLET_TOKEN_MISSING wallet=W1
2026-07-06 16:35:45,088 - RazTraderPlus - WARNING - event=WALLET_DISABLED wallet=W1 reason=TOKEN_MISSING expiry_ts=0
2026-07-06 16:35:45,088 - RazTraderPlus - WARNING - event=WALLET_TOKEN_MISSING wallet=W2
2026-07-06 16:35:45,100 - RazTraderPlus - WARNING - event=WALLET_DISABLED wallet=W2 reason=TOKEN_MISSING expiry_ts=0
2026-07-06 16:35:45,102 - RazTraderPlus - WARNING - event=WALLET_TOKEN_MISSING wallet=W3
2026-07-06 16:35:45,103 - RazTraderPlus - WARNING - event=WALLET_DISABLED wallet=W3 reason=TOKEN_MISSING expiry_ts=0
2026-07-06 16:35:45,105 - RazTraderPlus - INFO - AdvancedAnalyticsEngine layers=5
2026-07-06 16:35:45,106 - RazTraderPlus - INFO - Advanced Analytics Engine: ENABLED
2026-07-06 16:35:45,106 - RazTraderPlus - WARNING - event=OPEN_ORDERS_REFRESH_FAIL wallet=W1 err=NameError: name '_is_arzplus_client' is not defined
2026-07-06 16:35:45,106 - RazTraderPlus - WARNING - event=OPEN_ORDERS_REFRESH_FAIL wallet=W2 err=NameError: name '_is_arzplus_client' is not defined
2026-07-06 16:35:45,106 - RazTraderPlus - WARNING - event=OPEN_ORDERS_REFRESH_FAIL wallet=W3 err=NameError: name '_is_arzplus_client' is not defined
2026-07-06 16:35:45,130 - RazTraderPlus - INFO - Logging initialized | dash=True
2026-07-06 16:35:45,134 - RazTraderPlus - WARNING - event=WALLET_TOKEN_MISSING wallet=W1
2026-07-06 16:35:45,135 - RazTraderPlus - WARNING - event=WALLET_DISABLED wallet=W1 reason=TOKEN_MISSING expiry_ts=0
2026-07-06 16:35:45,136 - RazTraderPlus - WARNING - event=WALLET_TOKEN_MISSING wallet=W2
2026-07-06 16:35:45,137 - RazTraderPlus - WARNING - event=WALLET_DISABLED wallet=W2 reason=TOKEN_MISSING expiry_ts=0
2026-07-06 16:35:45,139 - RazTraderPlus - WARNING - event=WALLET_TOKEN_MISSING wallet=W3
2026-07-06 16:35:45,140 - RazTraderPlus - WARNING - event=WALLET_DISABLED wallet=W3 reason=TOKEN_MISSING expiry_ts=0
2026-07-06 16:35:45,140 - RazTraderPlus - INFO - AdvancedAnalyticsEngine layers=5
2026-07-06 16:35:45,140 - RazTraderPlus - INFO - Advanced Analytics Engine: ENABLED
2026-07-06 16:35:45,147 - RazTraderPlus - WARNING - event=OPEN_ORDERS_REFRESH_FAIL wallet=W1 err=NameError: name '_is_arzplus_client' is not defined
2026-07-06 16:35:45,147 - RazTraderPlus - WARNING - event=OPEN_ORDERS_REFRESH_FAIL wallet=W2 err=NameError: name '_is_arzplus_client' is not defined
2026-07-06 16:35:45,147 - RazTraderPlus - WARNING - event=OPEN_ORDERS_REFRESH_FAIL wallet=W3 err=NameError: name '_is_arzplus_client' is not defined
2026-07-06 16:35:45,156 - RazTraderPlus - INFO - Logging initialized | dash=True
2026-07-06 16:35:45,156 - RazTraderPlus - WARNING - event=WALLET_TOKEN_MISSING wallet=W1
2026-07-06 16:35:45,156 - RazTraderPlus - WARNING - event=WALLET_DISABLED wallet=W1 reason=TOKEN_MISSING expiry_ts=0
2026-07-06 16:35:45,156 - RazTraderPlus - WARNING - event=WALLET_TOKEN_MISSING wallet=W2
2026-07-06 16:35:45,156 - RazTraderPlus - WARNING - event=WALLET_DISABLED wallet=W2 reason=TOKEN_MISSING expiry_ts=0
2026-07-06 16:35:45,156 - RazTraderPlus - WARNING - event=WALLET_TOKEN_MISSING wallet=W3
2026-07-06 16:35:45,168 - RazTraderPlus - WARNING - event=WALLET_DISABLED wallet=W3 reason=TOKEN_MISSING expiry_ts=0
2026-07-06 16:35:45,170 - RazTraderPlus - INFO - AdvancedAnalyticsEngine layers=5
2026-07-06 16:35:45,171 - RazTraderPlus - INFO - Advanced Analytics Engine: ENABLED
2026-07-06 16:35:45,173 - RazTraderPlus - WARNING - event=OPEN_ORDERS_REFRESH_FAIL wallet=W1 err=NameError: name '_is_arzplus_client' is not defined
2026-07-06 16:35:45,173 - RazTraderPlus - WARNING - event=OPEN_ORDERS_REFRESH_FAIL wallet=W2 err=NameError: name '_is_arzplus_client' is not defined
2026-07-06 16:35:45,173 - RazTraderPlus - WARNING - event=OPEN_ORDERS_REFRESH_FAIL wallet=W3 err=NameError: name '_is_arzplus_client' is not defined
2026-07-06 16:35:45,189 - RazTraderPlus - INFO - Logging initialized | dash=True
2026-07-06 16:35:45,190 - RazTraderPlus - WARNING - event=WALLET_TOKEN_MISSING wallet=W1
2026-07-06 16:35:45,191 - RazTraderPlus - WARNING - event=WALLET_DISABLED wallet=W1 reason=TOKEN_MISSING expiry_ts=0
2026-07-06 16:35:45,192 - RazTraderPlus - WARNING - event=WALLET_TOKEN_MISSING wallet=W2
2026-07-06 16:35:45,192 - RazTraderPlus - WARNING - event=WALLET_DISABLED wallet=W2 reason=TOKEN_MISSING expiry_ts=0
2026-07-06 16:35:45,192 - RazTraderPlus - WARNING - event=WALLET_TOKEN_MISSING wallet=W3
2026-07-06 16:35:45,192 - RazTraderPlus - WARNING - event=WALLET_DISABLED wallet=W3 reason=TOKEN_MISSING expiry_ts=0
2026-07-06 16:35:45,192 - RazTraderPlus - INFO - AdvancedAnalyticsEngine layers=5
2026-07-06 16:35:45,192 - RazTraderPlus - INFO - Advanced Analytics Engine: ENABLED
2026-07-06 16:35:45,205 - RazTraderPlus - WARNING - event=OPEN_ORDERS_REFRESH_FAIL wallet=W1 err=NameError: name '_is_arzplus_client' is not defined
2026-07-06 16:35:45,206 - RazTraderPlus - WARNING - event=OPEN_ORDERS_REFRESH_FAIL wallet=W2 err=NameError: name '_is_arzplus_client' is not defined
2026-07-06 16:35:45,206 - RazTraderPlus - WARNING - event=OPEN_ORDERS_REFRESH_FAIL wallet=W3 err=NameError: name '_is_arzplus_client' is not defined
2026-07-06 16:47:14,534 - RazTraderPlus - INFO - Logging initialized | dash=True
2026-07-06 16:47:14,534 - RazTraderPlus - WARNING - event=WALLET_TOKEN_MISSING wallet=W1
2026-07-06 16:47:14,534 - RazTraderPlus - WARNING - event=WALLET_DISABLED wallet=W1 reason=TOKEN_MISSING expiry_ts=0
2026-07-06 16:47:14,534 - RazTraderPlus - WARNING - event=WALLET_TOKEN_MISSING wallet=W2
2026-07-06 16:47:14,534 - RazTraderPlus - WARNING - event=WALLET_DISABLED wallet=W2 reason=TOKEN_MISSING expiry_ts=0
2026-07-06 16:47:14,534 - RazTraderPlus - WARNING - event=WALLET_TOKEN_MISSING wallet=W3
2026-07-06 16:47:14,534 - RazTraderPlus - WARNING - event=WALLET_DISABLED wallet=W3 reason=TOKEN_MISSING expiry_ts=0
2026-07-06 16:47:14,534 - RazTraderPlus - INFO - AdvancedAnalyticsEngine layers=5
2026-07-06 16:47:14,534 - RazTraderPlus - INFO - Advanced Analytics Engine: ENABLED
2026-07-06 16:47:14,549 - RazTraderPlus - WARNING - event=OPEN_ORDERS_REFRESH_FAIL wallet=W1 err=NameError: name '_is_arzplus_client' is not defined
2026-07-06 16:47:14,549 - RazTraderPlus - WARNING - event=OPEN_ORDERS_REFRESH_FAIL wallet=W2 err=NameError: name '_is_arzplus_client' is not defined
2026-07-06 16:47:14,549 - RazTraderPlus - WARNING - event=OPEN_ORDERS_REFRESH_FAIL wallet=W3 err=NameError: name '_is_arzplus_client' is not defined
2026-07-06 16:47:14,549 - RazTraderPlus - INFO - Logging initialized | dash=True
2026-07-06 16:47:14,549 - RazTraderPlus - WARNING - event=WALLET_TOKEN_MISSING wallet=W1
2026-07-06 16:47:14,549 - RazTraderPlus - WARNING - event=WALLET_DISABLED wallet=W1 reason=TOKEN_MISSING expiry_ts=0
2026-07-06 16:47:14,565 - RazTraderPlus - WARNING - event=WALLET_TOKEN_MISSING wallet=W2
2026-07-06 16:47:14,565 - RazTraderPlus - WARNING - event=WALLET_DISABLED wallet=W2 reason=TOKEN_MISSING expiry_ts=0
2026-07-06 16:47:14,565 - RazTraderPlus - WARNING - event=WALLET_TOKEN_MISSING wallet=W3
2026-07-06 16:47:14,565 - RazTraderPlus - WARNING - event=WALLET_DISABLED wallet=W3 reason=TOKEN_MISSING expiry_ts=0
2026-07-06 16:47:14,565 - RazTraderPlus - INFO - AdvancedAnalyticsEngine layers=5
2026-07-06 16:47:14,565 - RazTraderPlus - INFO - Advanced Analytics Engine: ENABLED
2026-07-06 16:47:14,565 - RazTraderPlus - WARNING - event=OPEN_ORDERS_REFRESH_FAIL wallet=W1 err=NameError: name '_is_arzplus_client' is not defined
2026-07-06 16:47:14,565 - RazTraderPlus - WARNING - event=OPEN_ORDERS_REFRESH_FAIL wallet=W2 err=NameError: name '_is_arzplus_client' is not defined
2026-07-06 16:47:14,565 - RazTraderPlus - WARNING - event=OPEN_ORDERS_REFRESH_FAIL wallet=W3 err=NameError: name '_is_arzplus_client' is not defined
2026-07-06 16:47:14,581 - RazTraderPlus - INFO - Logging initialized | dash=True
2026-07-06 16:47:14,581 - RazTraderPlus - WARNING - event=WALLET_TOKEN_MISSING wallet=W1
2026-07-06 16:47:14,581 - RazTraderPlus - WARNING - event=WALLET_DISABLED wallet=W1 reason=TOKEN_MISSING expiry_ts=0
2026-07-06 16:47:14,581 - RazTraderPlus - WARNING - event=WALLET_TOKEN_MISSING wallet=W2
2026-07-06 16:47:14,586 - RazTraderPlus - WARNING - event=WALLET_DISABLED wallet=W2 reason=TOKEN_MISSING expiry_ts=0
2026-07-06 16:47:14,586 - RazTraderPlus - WARNING - event=WALLET_TOKEN_MISSING wallet=W3
2026-07-06 16:47:14,586 - RazTraderPlus - WARNING - event=WALLET_DISABLED wallet=W3 reason=TOKEN_MISSING expiry_ts=0
2026-07-06 16:47:14,586 - RazTraderPlus - INFO - AdvancedAnalyticsEngine layers=5
2026-07-06 16:47:14,586 - RazTraderPlus - INFO - Advanced Analytics Engine: ENABLED
2026-07-06 16:47:14,586 - RazTraderPlus - WARNING - event=OPEN_ORDERS_REFRESH_FAIL wallet=W1 err=NameError: name '_is_arzplus_client' is not defined
2026-07-06 16:47:14,586 - RazTraderPlus - WARNING - event=OPEN_ORDERS_REFRESH_FAIL wallet=W2 err=NameError: name '_is_arzplus_client' is not defined
2026-07-06 16:47:14,586 - RazTraderPlus - WARNING - event=OPEN_ORDERS_REFRESH_FAIL wallet=W3 err=NameError: name '_is_arzplus_client' is not defined
2026-07-06 16:47:14,602 - RazTraderPlus - INFO - Logging initialized | dash=True
2026-07-06 16:47:14,602 - RazTraderPlus - WARNING - event=WALLET_TOKEN_MISSING wallet=W1
2026-07-06 16:47:14,602 - RazTraderPlus - WARNING - event=WALLET_DISABLED wallet=W1 reason=TOKEN_MISSING expiry_ts=0
2026-07-06 16:47:14,602 - RazTraderPlus - WARNING - event=WALLET_TOKEN_MISSING wallet=W2
2026-07-06 16:47:14,602 - RazTraderPlus - WARNING - event=WALLET_DISABLED wallet=W2 reason=TOKEN_MISSING expiry_ts=0
2026-07-06 16:47:14,602 - RazTraderPlus - WARNING - event=WALLET_TOKEN_MISSING wallet=W3
2026-07-06 16:47:14,602 - RazTraderPlus - WARNING - event=WALLET_DISABLED wallet=W3 reason=TOKEN_MISSING expiry_ts=0
2026-07-06 16:47:14,602 - RazTraderPlus - INFO - AdvancedAnalyticsEngine layers=5
2026-07-06 16:47:14,602 - RazTraderPlus - INFO - Advanced Analytics Engine: ENABLED
2026-07-06 16:47:14,602 - RazTraderPlus - WARNING - event=OPEN_ORDERS_REFRESH_FAIL wallet=W1 err=NameError: name '_is_arzplus_client' is not defined
2026-07-06 16:47:14,602 - RazTraderPlus - WARNING - event=OPEN_ORDERS_REFRESH_FAIL wallet=W2 err=NameError: name '_is_arzplus_client' is not defined
2026-07-06 16:47:14,602 - RazTraderPlus - WARNING - event=OPEN_ORDERS_REFRESH_FAIL wallet=W3 err=NameError: name '_is_arzplus_client' is not defined
2026-07-06 16:49:10,293 - RazTraderPlus - INFO - Logging initialized | dash=True
2026-07-06 16:49:10,308 - RazTraderPlus - WARNING - event=WALLET_TOKEN_MISSING wallet=W1
2026-07-06 16:49:10,308 - RazTraderPlus - WARNING - event=WALLET_DISABLED wallet=W1 reason=TOKEN_MISSING expiry_ts=0
2026-07-06 16:49:10,308 - RazTraderPlus - WARNING - event=WALLET_TOKEN_MISSING wallet=W2
2026-07-06 16:49:10,308 - RazTraderPlus - WARNING - event=WALLET_DISABLED wallet=W2 reason=TOKEN_MISSING expiry_ts=0
2026-07-06 16:49:10,308 - RazTraderPlus - WARNING - event=WALLET_TOKEN_MISSING wallet=W3
2026-07-06 16:49:10,308 - RazTraderPlus - WARNING - event=WALLET_DISABLED wallet=W3 reason=TOKEN_MISSING expiry_ts=0
2026-07-06 16:49:10,308 - RazTraderPlus - INFO - AdvancedAnalyticsEngine layers=5
2026-07-06 16:49:10,308 - RazTraderPlus - INFO - Advanced Analytics Engine: ENABLED
2026-07-06 16:49:10,308 - RazTraderPlus - WARNING - event=OPEN_ORDERS_REFRESH_FAIL wallet=W1 err=NameError: name '_is_arzplus_client' is not defined
2026-07-06 16:49:10,308 - RazTraderPlus - WARNING - event=OPEN_ORDERS_REFRESH_FAIL wallet=W2 err=NameError: name '_is_arzplus_client' is not defined
2026-07-06 16:49:10,308 - RazTraderPlus - WARNING - event=OPEN_ORDERS_REFRESH_FAIL wallet=W3 err=NameError: name '_is_arzplus_client' is not defined
2026-07-06 16:49:10,324 - RazTraderPlus - INFO - Logging initialized | dash=True
2026-07-06 16:49:10,324 - RazTraderPlus - WARNING - event=WALLET_TOKEN_MISSING wallet=W1
2026-07-06 16:49:10,324 - RazTraderPlus - WARNING - event=WALLET_DISABLED wallet=W1 reason=TOKEN_MISSING expiry_ts=0
2026-07-06 16:49:10,324 - RazTraderPlus - WARNING - event=WALLET_TOKEN_MISSING wallet=W2
2026-07-06 16:49:10,324 - RazTraderPlus - WARNING - event=WALLET_DISABLED wallet=W2 reason=TOKEN_MISSING expiry_ts=0
2026-07-06 16:49:10,324 - RazTraderPlus - WARNING - event=WALLET_TOKEN_MISSING wallet=W3
2026-07-06 16:49:10,324 - RazTraderPlus - WARNING - event=WALLET_DISABLED wallet=W3 reason=TOKEN_MISSING expiry_ts=0
2026-07-06 16:49:10,324 - RazTraderPlus - INFO - AdvancedAnalyticsEngine layers=5
2026-07-06 16:49:10,324 - RazTraderPlus - INFO - Advanced Analytics Engine: ENABLED
2026-07-06 16:49:10,340 - RazTraderPlus - WARNING - event=OPEN_ORDERS_REFRESH_FAIL wallet=W1 err=NameError: name '_is_arzplus_client' is not defined
2026-07-06 16:49:10,340 - RazTraderPlus - WARNING - event=OPEN_ORDERS_REFRESH_FAIL wallet=W2 err=NameError: name '_is_arzplus_client' is not defined
2026-07-06 16:49:10,340 - RazTraderPlus - WARNING - event=OPEN_ORDERS_REFRESH_FAIL wallet=W3 err=NameError: name '_is_arzplus_client' is not defined
2026-07-06 16:49:10,346 - RazTraderPlus - INFO - Logging initialized | dash=True
2026-07-06 16:49:10,346 - RazTraderPlus - WARNING - event=WALLET_TOKEN_MISSING wallet=W1
2026-07-06 16:49:10,346 - RazTraderPlus - WARNING - event=WALLET_DISABLED wallet=W1 reason=TOKEN_MISSING expiry_ts=0
2026-07-06 16:49:10,346 - RazTraderPlus - WARNING - event=WALLET_TOKEN_MISSING wallet=W2
2026-07-06 16:49:10,346 - RazTraderPlus - WARNING - event=WALLET_DISABLED wallet=W2 reason=TOKEN_MISSING expiry_ts=0
2026-07-06 16:49:10,346 - RazTraderPlus - WARNING - event=WALLET_TOKEN_MISSING wallet=W3
2026-07-06 16:49:10,346 - RazTraderPlus - WARNING - event=WALLET_DISABLED wallet=W3 reason=TOKEN_MISSING expiry_ts=0
2026-07-06 16:49:10,346 - RazTraderPlus - INFO - AdvancedAnalyticsEngine layers=5
2026-07-06 16:49:10,346 - RazTraderPlus - INFO - Advanced Analytics Engine: ENABLED
2026-07-06 16:49:10,346 - RazTraderPlus - WARNING - event=OPEN_ORDERS_REFRESH_FAIL wallet=W1 err=NameError: name '_is_arzplus_client' is not defined
2026-07-06 16:49:10,346 - RazTraderPlus - WARNING - event=OPEN_ORDERS_REFRESH_FAIL wallet=W2 err=NameError: name '_is_arzplus_client' is not defined
2026-07-06 16:49:10,346 - RazTraderPlus - WARNING - event=OPEN_ORDERS_REFRESH_FAIL wallet=W3 err=NameError: name '_is_arzplus_client' is not defined
2026-07-06 16:49:10,362 - RazTraderPlus - INFO - Logging initialized | dash=True
2026-07-06 16:49:10,362 - RazTraderPlus - WARNING - event=WALLET_TOKEN_MISSING wallet=W1
2026-07-06 16:49:10,362 - RazTraderPlus - WARNING - event=WALLET_DISABLED wallet=W1 reason=TOKEN_MISSING expiry_ts=0
2026-07-06 16:49:10,362 - RazTraderPlus - WARNING - event=WALLET_TOKEN_MISSING wallet=W2
2026-07-06 16:49:10,362 - RazTraderPlus - WARNING - event=WALLET_DISABLED wallet=W2 reason=TOKEN_MISSING expiry_ts=0
2026-07-06 16:49:10,362 - RazTraderPlus - WARNING - event=WALLET_TOKEN_MISSING wallet=W3
2026-07-06 16:49:10,362 - RazTraderPlus - WARNING - event=WALLET_DISABLED wallet=W3 reason=TOKEN_MISSING expiry_ts=0
2026-07-06 16:49:10,362 - RazTraderPlus - INFO - AdvancedAnalyticsEngine layers=5
2026-07-06 16:49:10,362 - RazTraderPlus - INFO - Advanced Analytics Engine: ENABLED
2026-07-06 16:49:10,377 - RazTraderPlus - WARNING - event=OPEN_ORDERS_REFRESH_FAIL wallet=W1 err=NameError: name '_is_arzplus_client' is not defined
2026-07-06 16:49:10,377 - RazTraderPlus - WARNING - event=OPEN_ORDERS_REFRESH_FAIL wallet=W2 err=NameError: name '_is_arzplus_client' is not defined
2026-07-06 16:49:10,377 - RazTraderPlus - WARNING - event=OPEN_ORDERS_REFRESH_FAIL wallet=W3 err=NameError: name '_is_arzplus_client' is not defined
2026-07-06 16:56:10,816 - RazTraderPlus - INFO - Logging initialized | dash=True
2026-07-06 16:56:10,816 - RazTraderPlus - WARNING - event=WALLET_TOKEN_MISSING wallet=W1
2026-07-06 16:56:10,816 - RazTraderPlus - WARNING - event=WALLET_DISABLED wallet=W1 reason=TOKEN_MISSING expiry_ts=0
2026-07-06 16:56:10,816 - RazTraderPlus - WARNING - event=WALLET_TOKEN_MISSING wallet=W2
2026-07-06 16:56:10,816 - RazTraderPlus - WARNING - event=WALLET_DISABLED wallet=W2 reason=TOKEN_MISSING expiry_ts=0
2026-07-06 16:56:10,816 - RazTraderPlus - WARNING - event=WALLET_TOKEN_MISSING wallet=W3
2026-07-06 16:56:10,816 - RazTraderPlus - WARNING - event=WALLET_DISABLED wallet=W3 reason=TOKEN_MISSING expiry_ts=0
2026-07-06 16:56:10,832 - RazTraderPlus - INFO - AdvancedAnalyticsEngine layers=5
2026-07-06 16:56:10,832 - RazTraderPlus - INFO - Advanced Analytics Engine: ENABLED
2026-07-06 16:56:10,832 - RazTraderPlus - WARNING - event=OPEN_ORDERS_REFRESH_FAIL wallet=W1 err=NameError: name '_is_arzplus_client' is not defined
2026-07-06 16:56:10,832 - RazTraderPlus - WARNING - event=OPEN_ORDERS_REFRESH_FAIL wallet=W2 err=NameError: name '_is_arzplus_client' is not defined
2026-07-06 16:56:10,832 - RazTraderPlus - WARNING - event=OPEN_ORDERS_REFRESH_FAIL wallet=W3 err=NameError: name '_is_arzplus_client' is not defined
2026-07-06 16:56:10,847 - RazTraderPlus - INFO - Logging initialized | dash=True
2026-07-06 16:56:10,847 - RazTraderPlus - WARNING - event=WALLET_TOKEN_MISSING wallet=W1
2026-07-06 16:56:10,847 - RazTraderPlus - WARNING - event=WALLET_DISABLED wallet=W1 reason=TOKEN_MISSING expiry_ts=0
2026-07-06 16:56:10,847 - RazTraderPlus - WARNING - event=WALLET_TOKEN_MISSING wallet=W2
2026-07-06 16:56:10,847 - RazTraderPlus - WARNING - event=WALLET_DISABLED wallet=W2 reason=TOKEN_MISSING expiry_ts=0
2026-07-06 16:56:10,847 - RazTraderPlus - WARNING - event=WALLET_TOKEN_MISSING wallet=W3
2026-07-06 16:56:10,847 - RazTraderPlus - WARNING - event=WALLET_DISABLED wallet=W3 reason=TOKEN_MISSING expiry_ts=0
2026-07-06 16:56:10,854 - RazTraderPlus - INFO - AdvancedAnalyticsEngine layers=5
2026-07-06 16:56:10,854 - RazTraderPlus - INFO - Advanced Analytics Engine: ENABLED
2026-07-06 16:56:10,854 - RazTraderPlus - WARNING - event=OPEN_ORDERS_REFRESH_FAIL wallet=W1 err=NameError: name '_is_arzplus_client' is not defined
2026-07-06 16:56:10,854 - RazTraderPlus - WARNING - event=OPEN_ORDERS_REFRESH_FAIL wallet=W2 err=NameError: name '_is_arzplus_client' is not defined
2026-07-06 16:56:10,854 - RazTraderPlus - WARNING - event=OPEN_ORDERS_REFRESH_FAIL wallet=W3 err=NameError: name '_is_arzplus_client' is not defined
2026-07-06 16:56:10,854 - RazTraderPlus - INFO - Logging initialized | dash=True
2026-07-06 16:56:10,869 - RazTraderPlus - WARNING - event=WALLET_TOKEN_MISSING wallet=W1
2026-07-06 16:56:10,869 - RazTraderPlus - WARNING - event=WALLET_DISABLED wallet=W1 reason=TOKEN_MISSING expiry_ts=0
2026-07-06 16:56:10,869 - RazTraderPlus - WARNING - event=WALLET_TOKEN_MISSING wallet=W2
2026-07-06 16:56:10,869 - RazTraderPlus - WARNING - event=WALLET_DISABLED wallet=W2 reason=TOKEN_MISSING expiry_ts=0
2026-07-06 16:56:10,869 - RazTraderPlus - WARNING - event=WALLET_TOKEN_MISSING wallet=W3
2026-07-06 16:56:10,869 - RazTraderPlus - WARNING - event=WALLET_DISABLED wallet=W3 reason=TOKEN_MISSING expiry_ts=0
2026-07-06 16:56:10,869 - RazTraderPlus - INFO - AdvancedAnalyticsEngine layers=5
2026-07-06 16:56:10,869 - RazTraderPlus - INFO - Advanced Analytics Engine: ENABLED
2026-07-06 16:56:10,869 - RazTraderPlus - WARNING - event=OPEN_ORDERS_REFRESH_FAIL wallet=W1 err=NameError: name '_is_arzplus_client' is not defined
2026-07-06 16:56:10,869 - RazTraderPlus - WARNING - event=OPEN_ORDERS_REFRESH_FAIL wallet=W2 err=NameError: name '_is_arzplus_client' is not defined
2026-07-06 16:56:10,869 - RazTraderPlus - WARNING - event=OPEN_ORDERS_REFRESH_FAIL wallet=W3 err=NameError: name '_is_arzplus_client' is not defined
2026-07-06 16:56:10,885 - RazTraderPlus - INFO - Logging initialized | dash=True
2026-07-06 16:56:10,885 - RazTraderPlus - WARNING - event=WALLET_TOKEN_MISSING wallet=W1
2026-07-06 16:56:10,885 - RazTraderPlus - WARNING - event=WALLET_DISABLED wallet=W1 reason=TOKEN_MISSING expiry_ts=0
2026-07-06 16:56:10,885 - RazTraderPlus - WARNING - event=WALLET_TOKEN_MISSING wallet=W2
2026-07-06 16:56:10,885 - RazTraderPlus - WARNING - event=WALLET_DISABLED wallet=W2 reason=TOKEN_MISSING expiry_ts=0
2026-07-06 16:56:10,885 - RazTraderPlus - WARNING - event=WALLET_TOKEN_MISSING wallet=W3
2026-07-06 16:56:10,885 - RazTraderPlus - WARNING - event=WALLET_DISABLED wallet=W3 reason=TOKEN_MISSING expiry_ts=0
2026-07-06 16:56:10,885 - RazTraderPlus - INFO - AdvancedAnalyticsEngine layers=5
2026-07-06 16:56:10,885 - RazTraderPlus - INFO - Advanced Analytics Engine: ENABLED
2026-07-06 16:56:10,900 - RazTraderPlus - WARNING - event=OPEN_ORDERS_REFRESH_FAIL wallet=W1 err=NameError: name '_is_arzplus_client' is not defined
2026-07-06 16:56:10,900 - RazTraderPlus - WARNING - event=OPEN_ORDERS_REFRESH_FAIL wallet=W2 err=NameError: name '_is_arzplus_client' is not defined
2026-07-06 16:56:10,900 - RazTraderPlus - WARNING - event=OPEN_ORDERS_REFRESH_FAIL wallet=W3 err=NameError: name '_is_arzplus_client' is not defined
2026-07-06 16:57:52,658 - RazTraderPlus - INFO - Logging initialized | dash=True
2026-07-06 16:57:52,658 - RazTraderPlus - WARNING - event=WALLET_TOKEN_MISSING wallet=W1
2026-07-06 16:57:52,658 - RazTraderPlus - WARNING - event=WALLET_DISABLED wallet=W1 reason=TOKEN_MISSING expiry_ts=0
2026-07-06 16:57:52,658 - RazTraderPlus - WARNING - event=WALLET_TOKEN_MISSING wallet=W2
2026-07-06 16:57:52,658 - RazTraderPlus - WARNING - event=WALLET_DISABLED wallet=W2 reason=TOKEN_MISSING expiry_ts=0
2026-07-06 16:57:52,658 - RazTraderPlus - WARNING - event=WALLET_TOKEN_MISSING wallet=W3
2026-07-06 16:57:52,658 - RazTraderPlus - WARNING - event=WALLET_DISABLED wallet=W3 reason=TOKEN_MISSING expiry_ts=0
2026-07-06 16:57:52,658 - RazTraderPlus - INFO - AdvancedAnalyticsEngine layers=5
2026-07-06 16:57:52,658 - RazTraderPlus - INFO - Advanced Analytics Engine: ENABLED
2026-07-06 16:57:52,668 - RazTraderPlus - WARNING - event=OPEN_ORDERS_REFRESH_FAIL wallet=W1 err=NameError: name '_is_arzplus_client' is not defined
2026-07-06 16:57:52,668 - RazTraderPlus - WARNING - event=OPEN_ORDERS_REFRESH_FAIL wallet=W2 err=NameError: name '_is_arzplus_client' is not defined
2026-07-06 16:57:52,668 - RazTraderPlus - WARNING - event=OPEN_ORDERS_REFRESH_FAIL wallet=W3 err=NameError: name '_is_arzplus_client' is not defined
2026-07-06 16:57:52,668 - RazTraderPlus - INFO - Logging initialized | dash=True
2026-07-06 16:57:52,668 - RazTraderPlus - WARNING - event=WALLET_TOKEN_MISSING wallet=W1
2026-07-06 16:57:52,668 - RazTraderPlus - WARNING - event=WALLET_DISABLED wallet=W1 reason=TOKEN_MISSING expiry_ts=0
2026-07-06 16:57:52,683 - RazTraderPlus - WARNING - event=WALLET_TOKEN_MISSING wallet=W2
2026-07-06 16:57:52,683 - RazTraderPlus - WARNING - event=WALLET_DISABLED wallet=W2 reason=TOKEN_MISSING expiry_ts=0
2026-07-06 16:57:52,683 - RazTraderPlus - WARNING - event=WALLET_TOKEN_MISSING wallet=W3
2026-07-06 16:57:52,683 - RazTraderPlus - WARNING - event=WALLET_DISABLED wallet=W3 reason=TOKEN_MISSING expiry_ts=0
2026-07-06 16:57:52,683 - RazTraderPlus - INFO - AdvancedAnalyticsEngine layers=5
2026-07-06 16:57:52,683 - RazTraderPlus - INFO - Advanced Analytics Engine: ENABLED
2026-07-06 16:57:52,683 - RazTraderPlus - WARNING - event=OPEN_ORDERS_REFRESH_FAIL wallet=W1 err=NameError: name '_is_arzplus_client' is not defined
2026-07-06 16:57:52,683 - RazTraderPlus - WARNING - event=OPEN_ORDERS_REFRESH_FAIL wallet=W2 err=NameError: name '_is_arzplus_client' is not defined
2026-07-06 16:57:52,683 - RazTraderPlus - WARNING - event=OPEN_ORDERS_REFRESH_FAIL wallet=W3 err=NameError: name '_is_arzplus_client' is not defined
2026-07-06 16:57:52,699 - RazTraderPlus - INFO - Logging initialized | dash=True
2026-07-06 16:57:52,699 - RazTraderPlus - WARNING - event=WALLET_TOKEN_MISSING wallet=W1
2026-07-06 16:57:52,699 - RazTraderPlus - WARNING - event=WALLET_DISABLED wallet=W1 reason=TOKEN_MISSING expiry_ts=0
2026-07-06 16:57:52,699 - RazTraderPlus - WARNING - event=WALLET_TOKEN_MISSING wallet=W2
2026-07-06 16:57:52,699 - RazTraderPlus - WARNING - event=WALLET_DISABLED wallet=W2 reason=TOKEN_MISSING expiry_ts=0
2026-07-06 16:57:52,699 - RazTraderPlus - WARNING - event=WALLET_TOKEN_MISSING wallet=W3
2026-07-06 16:57:52,699 - RazTraderPlus - WARNING - event=WALLET_DISABLED wallet=W3 reason=TOKEN_MISSING expiry_ts=0
2026-07-06 16:57:52,699 - RazTraderPlus - INFO - AdvancedAnalyticsEngine layers=5
2026-07-06 16:57:52,699 - RazTraderPlus - INFO - Advanced Analytics Engine: ENABLED
2026-07-06 16:57:52,699 - RazTraderPlus - WARNING - event=OPEN_ORDERS_REFRESH_FAIL wallet=W1 err=NameError: name '_is_arzplus_client' is not defined
2026-07-06 16:57:52,699 - RazTraderPlus - WARNING - event=OPEN_ORDERS_REFRESH_FAIL wallet=W2 err=NameError: name '_is_arzplus_client' is not defined
2026-07-06 16:57:52,699 - RazTraderPlus - WARNING - event=OPEN_ORDERS_REFRESH_FAIL wallet=W3 err=NameError: name '_is_arzplus_client' is not defined
2026-07-06 16:57:52,715 - RazTraderPlus - INFO - Logging initialized | dash=True
2026-07-06 16:57:52,715 - RazTraderPlus - WARNING - event=WALLET_TOKEN_MISSING wallet=W1
2026-07-06 16:57:52,715 - RazTraderPlus - WARNING - event=WALLET_DISABLED wallet=W1 reason=TOKEN_MISSING expiry_ts=0
2026-07-06 16:57:52,715 - RazTraderPlus - WARNING - event=WALLET_TOKEN_MISSING wallet=W2
2026-07-06 16:57:52,715 - RazTraderPlus - WARNING - event=WALLET_DISABLED wallet=W2 reason=TOKEN_MISSING expiry_ts=0
2026-07-06 16:57:52,715 - RazTraderPlus - WARNING - event=WALLET_TOKEN_MISSING wallet=W3
2026-07-06 16:57:52,715 - RazTraderPlus - WARNING - event=WALLET_DISABLED wallet=W3 reason=TOKEN_MISSING expiry_ts=0
2026-07-06 16:57:52,715 - RazTraderPlus - INFO - AdvancedAnalyticsEngine layers=5
2026-07-06 16:57:52,715 - RazTraderPlus - INFO - Advanced Analytics Engine: ENABLED
2026-07-06 16:57:52,730 - RazTraderPlus - WARNING - event=OPEN_ORDERS_REFRESH_FAIL wallet=W1 err=NameError: name '_is_arzplus_client' is not defined
2026-07-06 16:57:52,730 - RazTraderPlus - WARNING - event=OPEN_ORDERS_REFRESH_FAIL wallet=W2 err=NameError: name '_is_arzplus_client' is not defined
2026-07-06 16:57:52,730 - RazTraderPlus - WARNING - event=OPEN_ORDERS_REFRESH_FAIL wallet=W3 err=NameError: name '_is_arzplus_client' is not defined
2026-07-06 17:05:30,666 - RazTraderPlus - INFO - Logging initialized | dash=True
2026-07-06 17:05:30,666 - RazTraderPlus - WARNING - event=WALLET_TOKEN_MISSING wallet=W1
2026-07-06 17:05:30,666 - RazTraderPlus - WARNING - event=WALLET_DISABLED wallet=W1 reason=TOKEN_MISSING expiry_ts=0
2026-07-06 17:05:30,666 - RazTraderPlus - WARNING - event=WALLET_TOKEN_MISSING wallet=W2
2026-07-06 17:05:30,666 - RazTraderPlus - WARNING - event=WALLET_DISABLED wallet=W2 reason=TOKEN_MISSING expiry_ts=0
2026-07-06 17:05:30,666 - RazTraderPlus - WARNING - event=WALLET_TOKEN_MISSING wallet=W3
2026-07-06 17:05:30,666 - RazTraderPlus - WARNING - event=WALLET_DISABLED wallet=W3 reason=TOKEN_MISSING expiry_ts=0
2026-07-06 17:05:30,666 - RazTraderPlus - INFO - AdvancedAnalyticsEngine layers=5
2026-07-06 17:05:30,666 - RazTraderPlus - INFO - Advanced Analytics Engine: ENABLED
2026-07-06 17:05:30,681 - RazTraderPlus - WARNING - event=OPEN_ORDERS_REFRESH_FAIL wallet=W1 err=NameError: name '_is_arzplus_client' is not defined
2026-07-06 17:05:30,681 - RazTraderPlus - WARNING - event=OPEN_ORDERS_REFRESH_FAIL wallet=W2 err=NameError: name '_is_arzplus_client' is not defined
2026-07-06 17:05:30,681 - RazTraderPlus - WARNING - event=OPEN_ORDERS_REFRESH_FAIL wallet=W3 err=NameError: name '_is_arzplus_client' is not defined
2026-07-06 17:05:30,688 - RazTraderPlus - INFO - Logging initialized | dash=True
2026-07-06 17:05:30,688 - RazTraderPlus - WARNING - event=WALLET_TOKEN_MISSING wallet=W1
2026-07-06 17:05:30,688 - RazTraderPlus - WARNING - event=WALLET_DISABLED wallet=W1 reason=TOKEN_MISSING expiry_ts=0
2026-07-06 17:05:30,688 - RazTraderPlus - WARNING - event=WALLET_TOKEN_MISSING wallet=W2
2026-07-06 17:05:30,688 - RazTraderPlus - WARNING - event=WALLET_DISABLED wallet=W2 reason=TOKEN_MISSING expiry_ts=0
2026-07-06 17:05:30,688 - RazTraderPlus - WARNING - event=WALLET_TOKEN_MISSING wallet=W3
2026-07-06 17:05:30,688 - RazTraderPlus - WARNING - event=WALLET_DISABLED wallet=W3 reason=TOKEN_MISSING expiry_ts=0
2026-07-06 17:05:30,688 - RazTraderPlus - INFO - AdvancedAnalyticsEngine layers=5
2026-07-06 17:05:30,688 - RazTraderPlus - INFO - Advanced Analytics Engine: ENABLED
2026-07-06 17:05:30,703 - RazTraderPlus - WARNING - event=OPEN_ORDERS_REFRESH_FAIL wallet=W1 err=NameError: name '_is_arzplus_client' is not defined
2026-07-06 17:05:30,703 - RazTraderPlus - WARNING - event=OPEN_ORDERS_REFRESH_FAIL wallet=W2 err=NameError: name '_is_arzplus_client' is not defined
2026-07-06 17:05:30,703 - RazTraderPlus - WARNING - event=OPEN_ORDERS_REFRESH_FAIL wallet=W3 err=NameError: name '_is_arzplus_client' is not defined
2026-07-06 17:05:30,703 - RazTraderPlus - INFO - Logging initialized | dash=True
2026-07-06 17:05:30,703 - RazTraderPlus - WARNING - event=WALLET_TOKEN_MISSING wallet=W1
2026-07-06 17:05:30,703 - RazTraderPlus - WARNING - event=WALLET_DISABLED wallet=W1 reason=TOKEN_MISSING expiry_ts=0
2026-07-06 17:05:30,703 - RazTraderPlus - WARNING - event=WALLET_TOKEN_MISSING wallet=W2
2026-07-06 17:05:30,719 - RazTraderPlus - WARNING - event=WALLET_DISABLED wallet=W2 reason=TOKEN_MISSING expiry_ts=0
2026-07-06 17:05:30,719 - RazTraderPlus - WARNING - event=WALLET_TOKEN_MISSING wallet=W3
2026-07-06 17:05:30,719 - RazTraderPlus - WARNING - event=WALLET_DISABLED wallet=W3 reason=TOKEN_MISSING expiry_ts=0
2026-07-06 17:05:30,719 - RazTraderPlus - INFO - AdvancedAnalyticsEngine layers=5
2026-07-06 17:05:30,719 - RazTraderPlus - INFO - Advanced Analytics Engine: ENABLED
2026-07-06 17:05:30,719 - RazTraderPlus - WARNING - event=OPEN_ORDERS_REFRESH_FAIL wallet=W1 err=NameError: name '_is_arzplus_client' is not defined
2026-07-06 17:05:30,719 - RazTraderPlus - WARNING - event=OPEN_ORDERS_REFRESH_FAIL wallet=W2 err=NameError: name '_is_arzplus_client' is not defined
2026-07-06 17:05:30,719 - RazTraderPlus - WARNING - event=OPEN_ORDERS_REFRESH_FAIL wallet=W3 err=NameError: name '_is_arzplus_client' is not defined
2026-07-06 17:05:30,735 - RazTraderPlus - INFO - Logging initialized | dash=True
2026-07-06 17:05:30,735 - RazTraderPlus - WARNING - event=WALLET_TOKEN_MISSING wallet=W1
2026-07-06 17:05:30,735 - RazTraderPlus - WARNING - event=WALLET_DISABLED wallet=W1 reason=TOKEN_MISSING expiry_ts=0
2026-07-06 17:05:30,735 - RazTraderPlus - WARNING - event=WALLET_TOKEN_MISSING wallet=W2
2026-07-06 17:05:30,735 - RazTraderPlus - WARNING - event=WALLET_DISABLED wallet=W2 reason=TOKEN_MISSING expiry_ts=0
2026-07-06 17:05:30,735 - RazTraderPlus - WARNING - event=WALLET_TOKEN_MISSING wallet=W3
2026-07-06 17:05:30,735 - RazTraderPlus - WARNING - event=WALLET_DISABLED wallet=W3 reason=TOKEN_MISSING expiry_ts=0
2026-07-06 17:05:30,735 - RazTraderPlus - INFO - AdvancedAnalyticsEngine layers=5
2026-07-06 17:05:30,735 - RazTraderPlus - INFO - Advanced Analytics Engine: ENABLED
2026-07-06 17:05:30,735 - RazTraderPlus - WARNING - event=OPEN_ORDERS_REFRESH_FAIL wallet=W1 err=NameError: name '_is_arzplus_client' is not defined
2026-07-06 17:05:30,735 - RazTraderPlus - WARNING - event=OPEN_ORDERS_REFRESH_FAIL wallet=W2 err=NameError: name '_is_arzplus_client' is not defined
2026-07-06 17:05:30,735 - RazTraderPlus - WARNING - event=OPEN_ORDERS_REFRESH_FAIL wallet=W3 err=NameError: name '_is_arzplus_client' is not defined
2026-07-06 17:07:19,796 - RazTraderPlus - INFO - Logging initialized | dash=True
2026-07-06 17:07:19,796 - RazTraderPlus - WARNING - event=WALLET_TOKEN_MISSING wallet=W1
2026-07-06 17:07:19,796 - RazTraderPlus - WARNING - event=WALLET_DISABLED wallet=W1 reason=TOKEN_MISSING expiry_ts=0
2026-07-06 17:07:19,796 - RazTraderPlus - WARNING - event=WALLET_TOKEN_MISSING wallet=W2
2026-07-06 17:07:19,796 - RazTraderPlus - WARNING - event=WALLET_DISABLED wallet=W2 reason=TOKEN_MISSING expiry_ts=0
2026-07-06 17:07:19,796 - RazTraderPlus - WARNING - event=WALLET_TOKEN_MISSING wallet=W3
2026-07-06 17:07:19,796 - RazTraderPlus - WARNING - event=WALLET_DISABLED wallet=W3 reason=TOKEN_MISSING expiry_ts=0
2026-07-06 17:07:19,796 - RazTraderPlus - INFO - AdvancedAnalyticsEngine layers=5
2026-07-06 17:07:19,796 - RazTraderPlus - INFO - Advanced Analytics Engine: ENABLED
2026-07-06 17:07:19,796 - RazTraderPlus - WARNING - event=OPEN_ORDERS_REFRESH_FAIL wallet=W1 err=NameError: name '_is_arzplus_client' is not defined
2026-07-06 17:07:19,796 - RazTraderPlus - WARNING - event=OPEN_ORDERS_REFRESH_FAIL wallet=W2 err=NameError: name '_is_arzplus_client' is not defined
2026-07-06 17:07:19,796 - RazTraderPlus - WARNING - event=OPEN_ORDERS_REFRESH_FAIL wallet=W3 err=NameError: name '_is_arzplus_client' is not defined
2026-07-06 17:07:19,811 - RazTraderPlus - INFO - Logging initialized | dash=True
2026-07-06 17:07:19,811 - RazTraderPlus - WARNING - event=WALLET_TOKEN_MISSING wallet=W1
2026-07-06 17:07:19,811 - RazTraderPlus - WARNING - event=WALLET_DISABLED wallet=W1 reason=TOKEN_MISSING expiry_ts=0
2026-07-06 17:07:19,811 - RazTraderPlus - WARNING - event=WALLET_TOKEN_MISSING wallet=W2
2026-07-06 17:07:19,811 - RazTraderPlus - WARNING - event=WALLET_DISABLED wallet=W2 reason=TOKEN_MISSING expiry_ts=0
2026-07-06 17:07:19,811 - RazTraderPlus - WARNING - event=WALLET_TOKEN_MISSING wallet=W3
2026-07-06 17:07:19,811 - RazTraderPlus - WARNING - event=WALLET_DISABLED wallet=W3 reason=TOKEN_MISSING expiry_ts=0
2026-07-06 17:07:19,811 - RazTraderPlus - INFO - AdvancedAnalyticsEngine layers=5
2026-07-06 17:07:19,811 - RazTraderPlus - INFO - Advanced Analytics Engine: ENABLED
2026-07-06 17:07:19,827 - RazTraderPlus - WARNING - event=OPEN_ORDERS_REFRESH_FAIL wallet=W1 err=NameError: name '_is_arzplus_client' is not defined
2026-07-06 17:07:19,827 - RazTraderPlus - WARNING - event=OPEN_ORDERS_REFRESH_FAIL wallet=W2 err=NameError: name '_is_arzplus_client' is not defined
2026-07-06 17:07:19,827 - RazTraderPlus - WARNING - event=OPEN_ORDERS_REFRESH_FAIL wallet=W3 err=NameError: name '_is_arzplus_client' is not defined
2026-07-06 17:07:19,827 - RazTraderPlus - INFO - Logging initialized | dash=True
2026-07-06 17:07:19,827 - RazTraderPlus - WARNING - event=WALLET_TOKEN_MISSING wallet=W1
2026-07-06 17:07:19,827 - RazTraderPlus - WARNING - event=WALLET_DISABLED wallet=W1 reason=TOKEN_MISSING expiry_ts=0
2026-07-06 17:07:19,827 - RazTraderPlus - WARNING - event=WALLET_TOKEN_MISSING wallet=W2
2026-07-06 17:07:19,827 - RazTraderPlus - WARNING - event=WALLET_DISABLED wallet=W2 reason=TOKEN_MISSING expiry_ts=0
2026-07-06 17:07:19,843 - RazTraderPlus - WARNING - event=WALLET_TOKEN_MISSING wallet=W3
2026-07-06 17:07:19,843 - RazTraderPlus - WARNING - event=WALLET_DISABLED wallet=W3 reason=TOKEN_MISSING expiry_ts=0
2026-07-06 17:07:19,843 - RazTraderPlus - INFO - AdvancedAnalyticsEngine layers=5
2026-07-06 17:07:19,843 - RazTraderPlus - INFO - Advanced Analytics Engine: ENABLED
2026-07-06 17:07:19,843 - RazTraderPlus - WARNING - event=OPEN_ORDERS_REFRESH_FAIL wallet=W1 err=NameError: name '_is_arzplus_client' is not defined
2026-07-06 17:07:19,843 - RazTraderPlus - WARNING - event=OPEN_ORDERS_REFRESH_FAIL wallet=W2 err=NameError: name '_is_arzplus_client' is not defined
2026-07-06 17:07:19,843 - RazTraderPlus - WARNING - event=OPEN_ORDERS_REFRESH_FAIL wallet=W3 err=NameError: name '_is_arzplus_client' is not defined
2026-07-06 17:07:19,858 - RazTraderPlus - INFO - Logging initialized | dash=True
2026-07-06 17:07:19,858 - RazTraderPlus - WARNING - event=WALLET_TOKEN_MISSING wallet=W1
2026-07-06 17:07:19,858 - RazTraderPlus - WARNING - event=WALLET_DISABLED wallet=W1 reason=TOKEN_MISSING expiry_ts=0
2026-07-06 17:07:19,858 - RazTraderPlus - WARNING - event=WALLET_TOKEN_MISSING wallet=W2
2026-07-06 17:07:19,858 - RazTraderPlus - WARNING - event=WALLET_DISABLED wallet=W2 reason=TOKEN_MISSING expiry_ts=0
2026-07-06 17:07:19,858 - RazTraderPlus - WARNING - event=WALLET_TOKEN_MISSING wallet=W3
2026-07-06 17:07:19,858 - RazTraderPlus - WARNING - event=WALLET_DISABLED wallet=W3 reason=TOKEN_MISSING expiry_ts=0
2026-07-06 17:07:19,865 - RazTraderPlus - INFO - AdvancedAnalyticsEngine layers=5
2026-07-06 17:07:19,865 - RazTraderPlus - INFO - Advanced Analytics Engine: ENABLED
2026-07-06 17:07:19,865 - RazTraderPlus - WARNING - event=OPEN_ORDERS_REFRESH_FAIL wallet=W1 err=NameError: name '_is_arzplus_client' is not defined
2026-07-06 17:07:19,865 - RazTraderPlus - WARNING - event=OPEN_ORDERS_REFRESH_FAIL wallet=W2 err=NameError: name '_is_arzplus_client' is not defined
2026-07-06 17:07:19,865 - RazTraderPlus - WARNING - event=OPEN_ORDERS_REFRESH_FAIL wallet=W3 err=NameError: name '_is_arzplus_client' is not defined
2026-07-06 17:09:18,558 - RazTraderPlus - INFO - Logging initialized | dash=True
2026-07-06 17:09:18,558 - RazTraderPlus - WARNING - event=WALLET_TOKEN_MISSING wallet=W1
2026-07-06 17:09:18,558 - RazTraderPlus - WARNING - event=WALLET_DISABLED wallet=W1 reason=TOKEN_MISSING expiry_ts=0
2026-07-06 17:09:18,558 - RazTraderPlus - WARNING - event=WALLET_TOKEN_MISSING wallet=W2
2026-07-06 17:09:18,558 - RazTraderPlus - WARNING - event=WALLET_DISABLED wallet=W2 reason=TOKEN_MISSING expiry_ts=0
2026-07-06 17:09:18,558 - RazTraderPlus - WARNING - event=WALLET_TOKEN_MISSING wallet=W3
2026-07-06 17:09:18,558 - RazTraderPlus - WARNING - event=WALLET_DISABLED wallet=W3 reason=TOKEN_MISSING expiry_ts=0
2026-07-06 17:09:18,574 - RazTraderPlus - INFO - AdvancedAnalyticsEngine layers=5
2026-07-06 17:09:18,574 - RazTraderPlus - INFO - Advanced Analytics Engine: ENABLED
2026-07-06 17:09:18,574 - RazTraderPlus - WARNING - event=OPEN_ORDERS_REFRESH_FAIL wallet=W1 err=NameError: name '_is_arzplus_client' is not defined
2026-07-06 17:09:18,574 - RazTraderPlus - WARNING - event=OPEN_ORDERS_REFRESH_FAIL wallet=W2 err=NameError: name '_is_arzplus_client' is not defined
2026-07-06 17:09:18,580 - RazTraderPlus - WARNING - event=OPEN_ORDERS_REFRESH_FAIL wallet=W3 err=NameError: name '_is_arzplus_client' is not defined
2026-07-06 17:09:18,580 - RazTraderPlus - INFO - Logging initialized | dash=True
2026-07-06 17:09:18,580 - RazTraderPlus - WARNING - event=WALLET_TOKEN_MISSING wallet=W1
2026-07-06 17:09:18,580 - RazTraderPlus - WARNING - event=WALLET_DISABLED wallet=W1 reason=TOKEN_MISSING expiry_ts=0
2026-07-06 17:09:18,580 - RazTraderPlus - WARNING - event=WALLET_TOKEN_MISSING wallet=W2
2026-07-06 17:09:18,580 - RazTraderPlus - WARNING - event=WALLET_DISABLED wallet=W2 reason=TOKEN_MISSING expiry_ts=0
2026-07-06 17:09:18,580 - RazTraderPlus - WARNING - event=WALLET_TOKEN_MISSING wallet=W3
2026-07-06 17:09:18,580 - RazTraderPlus - WARNING - event=WALLET_DISABLED wallet=W3 reason=TOKEN_MISSING expiry_ts=0
2026-07-06 17:09:18,595 - RazTraderPlus - INFO - AdvancedAnalyticsEngine layers=5
2026-07-06 17:09:18,595 - RazTraderPlus - INFO - Advanced Analytics Engine: ENABLED
2026-07-06 17:09:18,595 - RazTraderPlus - WARNING - event=OPEN_ORDERS_REFRESH_FAIL wallet=W1 err=NameError: name '_is_arzplus_client' is not defined
2026-07-06 17:09:18,595 - RazTraderPlus - WARNING - event=OPEN_ORDERS_REFRESH_FAIL wallet=W2 err=NameError: name '_is_arzplus_client' is not defined
2026-07-06 17:09:18,595 - RazTraderPlus - WARNING - event=OPEN_ORDERS_REFRESH_FAIL wallet=W3 err=NameError: name '_is_arzplus_client' is not defined
2026-07-06 17:09:18,595 - RazTraderPlus - INFO - Logging initialized | dash=True
2026-07-06 17:09:18,611 - RazTraderPlus - WARNING - event=WALLET_TOKEN_MISSING wallet=W1
2026-07-06 17:09:18,611 - RazTraderPlus - WARNING - event=WALLET_DISABLED wallet=W1 reason=TOKEN_MISSING expiry_ts=0
2026-07-06 17:09:18,611 - RazTraderPlus - WARNING - event=WALLET_TOKEN_MISSING wallet=W2
2026-07-06 17:09:18,611 - RazTraderPlus - WARNING - event=WALLET_DISABLED wallet=W2 reason=TOKEN_MISSING expiry_ts=0
2026-07-06 17:09:18,611 - RazTraderPlus - WARNING - event=WALLET_TOKEN_MISSING wallet=W3
2026-07-06 17:09:18,611 - RazTraderPlus - WARNING - event=WALLET_DISABLED wallet=W3 reason=TOKEN_MISSING expiry_ts=0
2026-07-06 17:09:18,611 - RazTraderPlus - INFO - AdvancedAnalyticsEngine layers=5
2026-07-06 17:09:18,611 - RazTraderPlus - INFO - Advanced Analytics Engine: ENABLED
2026-07-06 17:09:18,611 - RazTraderPlus - WARNING - event=OPEN_ORDERS_REFRESH_FAIL wallet=W1 err=NameError: name '_is_arzplus_client' is not defined
2026-07-06 17:09:18,611 - RazTraderPlus - WARNING - event=OPEN_ORDERS_REFRESH_FAIL wallet=W2 err=NameError: name '_is_arzplus_client' is not defined
2026-07-06 17:09:18,611 - RazTraderPlus - WARNING - event=OPEN_ORDERS_REFRESH_FAIL wallet=W3 err=NameError: name '_is_arzplus_client' is not defined
2026-07-06 17:09:18,626 - RazTraderPlus - INFO - Logging initialized | dash=True
2026-07-06 17:09:18,626 - RazTraderPlus - WARNING - event=WALLET_TOKEN_MISSING wallet=W1
2026-07-06 17:09:18,626 - RazTraderPlus - WARNING - event=WALLET_DISABLED wallet=W1 reason=TOKEN_MISSING expiry_ts=0
2026-07-06 17:09:18,626 - RazTraderPlus - WARNING - event=WALLET_TOKEN_MISSING wallet=W2
2026-07-06 17:09:18,626 - RazTraderPlus - WARNING - event=WALLET_DISABLED wallet=W2 reason=TOKEN_MISSING expiry_ts=0
2026-07-06 17:09:18,626 - RazTraderPlus - WARNING - event=WALLET_TOKEN_MISSING wallet=W3
2026-07-06 17:09:18,626 - RazTraderPlus - WARNING - event=WALLET_DISABLED wallet=W3 reason=TOKEN_MISSING expiry_ts=0
2026-07-06 17:09:18,626 - RazTraderPlus - INFO - AdvancedAnalyticsEngine layers=5
2026-07-06 17:09:18,626 - RazTraderPlus - INFO - Advanced Analytics Engine: ENABLED
2026-07-06 17:09:18,626 - RazTraderPlus - WARNING - event=OPEN_ORDERS_REFRESH_FAIL wallet=W1 err=NameError: name '_is_arzplus_client' is not defined
2026-07-06 17:09:18,626 - RazTraderPlus - WARNING - event=OPEN_ORDERS_REFRESH_FAIL wallet=W2 err=NameError: name '_is_arzplus_client' is not defined
2026-07-06 17:09:18,642 - RazTraderPlus - WARNING - event=OPEN_ORDERS_REFRESH_FAIL wallet=W3 err=NameError: name '_is_arzplus_client' is not defined
2026-07-06 17:12:52,855 - RazTraderPlus - INFO - Logging initialized | dash=True
2026-07-06 17:12:52,870 - RazTraderPlus - WARNING - event=WALLET_TOKEN_MISSING wallet=W1
2026-07-06 17:12:52,870 - RazTraderPlus - WARNING - event=WALLET_DISABLED wallet=W1 reason=TOKEN_MISSING expiry_ts=0
2026-07-06 17:12:52,870 - RazTraderPlus - WARNING - event=WALLET_TOKEN_MISSING wallet=W2
2026-07-06 17:12:52,870 - RazTraderPlus - WARNING - event=WALLET_DISABLED wallet=W2 reason=TOKEN_MISSING expiry_ts=0
2026-07-06 17:12:52,870 - RazTraderPlus - WARNING - event=WALLET_TOKEN_MISSING wallet=W3
2026-07-06 17:12:52,870 - RazTraderPlus - WARNING - event=WALLET_DISABLED wallet=W3 reason=TOKEN_MISSING expiry_ts=0
2026-07-06 17:12:52,870 - RazTraderPlus - INFO - AdvancedAnalyticsEngine layers=5
2026-07-06 17:12:52,876 - RazTraderPlus - INFO - Advanced Analytics Engine: ENABLED
2026-07-06 17:12:52,876 - RazTraderPlus - WARNING - event=OPEN_ORDERS_REFRESH_FAIL wallet=W1 err=NameError: name '_is_arzplus_client' is not defined
2026-07-06 17:12:52,876 - RazTraderPlus - WARNING - event=OPEN_ORDERS_REFRESH_FAIL wallet=W2 err=NameError: name '_is_arzplus_client' is not defined
2026-07-06 17:12:52,876 - RazTraderPlus - WARNING - event=OPEN_ORDERS_REFRESH_FAIL wallet=W3 err=NameError: name '_is_arzplus_client' is not defined
2026-07-06 17:12:52,876 - RazTraderPlus - INFO - Logging initialized | dash=True
2026-07-06 17:12:52,876 - RazTraderPlus - WARNING - event=WALLET_TOKEN_MISSING wallet=W1
2026-07-06 17:12:52,891 - RazTraderPlus - WARNING - event=WALLET_DISABLED wallet=W1 reason=TOKEN_MISSING expiry_ts=0
2026-07-06 17:12:52,891 - RazTraderPlus - WARNING - event=WALLET_TOKEN_MISSING wallet=W2
2026-07-06 17:12:52,891 - RazTraderPlus - WARNING - event=WALLET_DISABLED wallet=W2 reason=TOKEN_MISSING expiry_ts=0
2026-07-06 17:12:52,891 - RazTraderPlus - WARNING - event=WALLET_TOKEN_MISSING wallet=W3
2026-07-06 17:12:52,891 - RazTraderPlus - WARNING - event=WALLET_DISABLED wallet=W3 reason=TOKEN_MISSING expiry_ts=0
2026-07-06 17:12:52,891 - RazTraderPlus - INFO - AdvancedAnalyticsEngine layers=5
2026-07-06 17:12:52,891 - RazTraderPlus - INFO - Advanced Analytics Engine: ENABLED
2026-07-06 17:12:52,891 - RazTraderPlus - WARNING - event=OPEN_ORDERS_REFRESH_FAIL wallet=W1 err=NameError: name '_is_arzplus_client' is not defined
2026-07-06 17:12:52,891 - RazTraderPlus - WARNING - event=OPEN_ORDERS_REFRESH_FAIL wallet=W2 err=NameError: name '_is_arzplus_client' is not defined
2026-07-06 17:12:52,891 - RazTraderPlus - WARNING - event=OPEN_ORDERS_REFRESH_FAIL wallet=W3 err=NameError: name '_is_arzplus_client' is not defined
2026-07-06 17:12:52,907 - RazTraderPlus - INFO - Logging initialized | dash=True
2026-07-06 17:12:52,907 - RazTraderPlus - WARNING - event=WALLET_TOKEN_MISSING wallet=W1
2026-07-06 17:12:52,907 - RazTraderPlus - WARNING - event=WALLET_DISABLED wallet=W1 reason=TOKEN_MISSING expiry_ts=0
2026-07-06 17:12:52,907 - RazTraderPlus - WARNING - event=WALLET_TOKEN_MISSING wallet=W2
2026-07-06 17:12:52,907 - RazTraderPlus - WARNING - event=WALLET_DISABLED wallet=W2 reason=TOKEN_MISSING expiry_ts=0
2026-07-06 17:12:52,907 - RazTraderPlus - WARNING - event=WALLET_TOKEN_MISSING wallet=W3
2026-07-06 17:12:52,907 - RazTraderPlus - WARNING - event=WALLET_DISABLED wallet=W3 reason=TOKEN_MISSING expiry_ts=0
2026-07-06 17:12:52,907 - RazTraderPlus - INFO - AdvancedAnalyticsEngine layers=5
2026-07-06 17:12:52,907 - RazTraderPlus - INFO - Advanced Analytics Engine: ENABLED
2026-07-06 17:12:52,907 - RazTraderPlus - WARNING - event=OPEN_ORDERS_REFRESH_FAIL wallet=W1 err=NameError: name '_is_arzplus_client' is not defined
2026-07-06 17:12:52,907 - RazTraderPlus - WARNING - event=OPEN_ORDERS_REFRESH_FAIL wallet=W2 err=NameError: name '_is_arzplus_client' is not defined
2026-07-06 17:12:52,907 - RazTraderPlus - WARNING - event=OPEN_ORDERS_REFRESH_FAIL wallet=W3 err=NameError: name '_is_arzplus_client' is not defined
2026-07-06 17:12:52,923 - RazTraderPlus - INFO - Logging initialized | dash=True
2026-07-06 17:12:52,923 - RazTraderPlus - WARNING - event=WALLET_TOKEN_MISSING wallet=W1
2026-07-06 17:12:52,923 - RazTraderPlus - WARNING - event=WALLET_DISABLED wallet=W1 reason=TOKEN_MISSING expiry_ts=0
2026-07-06 17:12:52,923 - RazTraderPlus - WARNING - event=WALLET_TOKEN_MISSING wallet=W2
2026-07-06 17:12:52,923 - RazTraderPlus - WARNING - event=WALLET_DISABLED wallet=W2 reason=TOKEN_MISSING expiry_ts=0
2026-07-06 17:12:52,923 - RazTraderPlus - WARNING - event=WALLET_TOKEN_MISSING wallet=W3
2026-07-06 17:12:52,923 - RazTraderPlus - WARNING - event=WALLET_DISABLED wallet=W3 reason=TOKEN_MISSING expiry_ts=0
2026-07-06 17:12:52,923 - RazTraderPlus - INFO - AdvancedAnalyticsEngine layers=5
2026-07-06 17:12:52,923 - RazTraderPlus - INFO - Advanced Analytics Engine: ENABLED
2026-07-06 17:12:52,938 - RazTraderPlus - WARNING - event=OPEN_ORDERS_REFRESH_FAIL wallet=W1 err=NameError: name '_is_arzplus_client' is not defined
2026-07-06 17:12:52,938 - RazTraderPlus - WARNING - event=OPEN_ORDERS_REFRESH_FAIL wallet=W2 err=NameError: name '_is_arzplus_client' is not defined
2026-07-06 17:12:52,938 - RazTraderPlus - WARNING - event=OPEN_ORDERS_REFRESH_FAIL wallet=W3 err=NameError: name '_is_arzplus_client' is not defined
2026-07-06 17:14:54,623 - RazTraderPlus - INFO - Logging initialized | dash=True
2026-07-06 17:14:54,623 - RazTraderPlus - WARNING - event=WALLET_TOKEN_MISSING wallet=W1
2026-07-06 17:14:54,623 - RazTraderPlus - WARNING - event=WALLET_DISABLED wallet=W1 reason=TOKEN_MISSING expiry_ts=0
2026-07-06 17:14:54,623 - RazTraderPlus - WARNING - event=WALLET_TOKEN_MISSING wallet=W2
2026-07-06 17:14:54,623 - RazTraderPlus - WARNING - event=WALLET_DISABLED wallet=W2 reason=TOKEN_MISSING expiry_ts=0
2026-07-06 17:14:54,623 - RazTraderPlus - WARNING - event=WALLET_TOKEN_MISSING wallet=W3
2026-07-06 17:14:54,623 - RazTraderPlus - WARNING - event=WALLET_DISABLED wallet=W3 reason=TOKEN_MISSING expiry_ts=0
2026-07-06 17:14:54,638 - RazTraderPlus - INFO - AdvancedAnalyticsEngine layers=5
2026-07-06 17:14:54,638 - RazTraderPlus - INFO - Advanced Analytics Engine: ENABLED
2026-07-06 17:14:54,638 - RazTraderPlus - WARNING - event=OPEN_ORDERS_REFRESH_FAIL wallet=W1 err=NameError: name '_is_arzplus_client' is not defined
2026-07-06 17:14:54,638 - RazTraderPlus - WARNING - event=OPEN_ORDERS_REFRESH_FAIL wallet=W2 err=NameError: name '_is_arzplus_client' is not defined
2026-07-06 17:14:54,638 - RazTraderPlus - WARNING - event=OPEN_ORDERS_REFRESH_FAIL wallet=W3 err=NameError: name '_is_arzplus_client' is not defined
2026-07-06 17:14:54,654 - RazTraderPlus - INFO - Logging initialized | dash=True
2026-07-06 17:14:54,654 - RazTraderPlus - WARNING - event=WALLET_TOKEN_MISSING wallet=W1
2026-07-06 17:14:54,654 - RazTraderPlus - WARNING - event=WALLET_DISABLED wallet=W1 reason=TOKEN_MISSING expiry_ts=0
2026-07-06 17:14:54,654 - RazTraderPlus - WARNING - event=WALLET_TOKEN_MISSING wallet=W2
2026-07-06 17:14:54,654 - RazTraderPlus - WARNING - event=WALLET_DISABLED wallet=W2 reason=TOKEN_MISSING expiry_ts=0
2026-07-06 17:14:54,654 - RazTraderPlus - WARNING - event=WALLET_TOKEN_MISSING wallet=W3
2026-07-06 17:14:54,654 - RazTraderPlus - WARNING - event=WALLET_DISABLED wallet=W3 reason=TOKEN_MISSING expiry_ts=0
2026-07-06 17:14:54,654 - RazTraderPlus - INFO - AdvancedAnalyticsEngine layers=5
2026-07-06 17:14:54,654 - RazTraderPlus - INFO - Advanced Analytics Engine: ENABLED
2026-07-06 17:14:54,654 - RazTraderPlus - WARNING - event=OPEN_ORDERS_REFRESH_FAIL wallet=W1 err=NameError: name '_is_arzplus_client' is not defined
2026-07-06 17:14:54,654 - RazTraderPlus - WARNING - event=OPEN_ORDERS_REFRESH_FAIL wallet=W2 err=NameError: name '_is_arzplus_client' is not defined
2026-07-06 17:14:54,654 - RazTraderPlus - WARNING - event=OPEN_ORDERS_REFRESH_FAIL wallet=W3 err=NameError: name '_is_arzplus_client' is not defined
2026-07-06 17:14:54,670 - RazTraderPlus - INFO - Logging initialized | dash=True
2026-07-06 17:14:54,670 - RazTraderPlus - WARNING - event=WALLET_TOKEN_MISSING wallet=W1
2026-07-06 17:14:54,670 - RazTraderPlus - WARNING - event=WALLET_DISABLED wallet=W1 reason=TOKEN_MISSING expiry_ts=0
2026-07-06 17:14:54,670 - RazTraderPlus - WARNING - event=WALLET_TOKEN_MISSING wallet=W2
2026-07-06 17:14:54,670 - RazTraderPlus - WARNING - event=WALLET_DISABLED wallet=W2 reason=TOKEN_MISSING expiry_ts=0
2026-07-06 17:14:54,670 - RazTraderPlus - WARNING - event=WALLET_TOKEN_MISSING wallet=W3
2026-07-06 17:14:54,685 - RazTraderPlus - WARNING - event=WALLET_DISABLED wallet=W3 reason=TOKEN_MISSING expiry_ts=0
2026-07-06 17:14:54,685 - RazTraderPlus - INFO - AdvancedAnalyticsEngine layers=5
2026-07-06 17:14:54,685 - RazTraderPlus - INFO - Advanced Analytics Engine: ENABLED
2026-07-06 17:14:54,685 - RazTraderPlus - WARNING - event=OPEN_ORDERS_REFRESH_FAIL wallet=W1 err=NameError: name '_is_arzplus_client' is not defined
2026-07-06 17:14:54,692 - RazTraderPlus - WARNING - event=OPEN_ORDERS_REFRESH_FAIL wallet=W2 err=NameError: name '_is_arzplus_client' is not defined
2026-07-06 17:14:54,692 - RazTraderPlus - WARNING - event=OPEN_ORDERS_REFRESH_FAIL wallet=W3 err=NameError: name '_is_arzplus_client' is not defined
2026-07-06 17:14:54,692 - RazTraderPlus - INFO - Logging initialized | dash=True
2026-07-06 17:14:54,692 - RazTraderPlus - WARNING - event=WALLET_TOKEN_MISSING wallet=W1
2026-07-06 17:14:54,692 - RazTraderPlus - WARNING - event=WALLET_DISABLED wallet=W1 reason=TOKEN_MISSING expiry_ts=0
2026-07-06 17:14:54,707 - RazTraderPlus - WARNING - event=WALLET_TOKEN_MISSING wallet=W2
2026-07-06 17:14:54,707 - RazTraderPlus - WARNING - event=WALLET_DISABLED wallet=W2 reason=TOKEN_MISSING expiry_ts=0
2026-07-06 17:14:54,707 - RazTraderPlus - WARNING - event=WALLET_TOKEN_MISSING wallet=W3
2026-07-06 17:14:54,707 - RazTraderPlus - WARNING - event=WALLET_DISABLED wallet=W3 reason=TOKEN_MISSING expiry_ts=0
2026-07-06 17:14:54,707 - RazTraderPlus - INFO - AdvancedAnalyticsEngine layers=5
2026-07-06 17:14:54,707 - RazTraderPlus - INFO - Advanced Analytics Engine: ENABLED
2026-07-06 17:14:54,707 - RazTraderPlus - WARNING - event=OPEN_ORDERS_REFRESH_FAIL wallet=W1 err=NameError: name '_is_arzplus_client' is not defined
2026-07-06 17:14:54,707 - RazTraderPlus - WARNING - event=OPEN_ORDERS_REFRESH_FAIL wallet=W2 err=NameError: name '_is_arzplus_client' is not defined
2026-07-06 17:14:54,707 - RazTraderPlus - WARNING - event=OPEN_ORDERS_REFRESH_FAIL wallet=W3 err=NameError: name '_is_arzplus_client' is not defined
2026-07-06 17:15:22,138 - RazTraderPlus - INFO - Logging initialized | dash=True
2026-07-06 17:15:22,154 - RazTraderPlus - WARNING - event=WALLET_TOKEN_MISSING wallet=W1
2026-07-06 17:15:22,154 - RazTraderPlus - WARNING - event=WALLET_DISABLED wallet=W1 reason=TOKEN_MISSING expiry_ts=0
2026-07-06 17:15:22,154 - RazTraderPlus - WARNING - event=WALLET_TOKEN_MISSING wallet=W2
2026-07-06 17:15:22,154 - RazTraderPlus - WARNING - event=WALLET_DISABLED wallet=W2 reason=TOKEN_MISSING expiry_ts=0
2026-07-06 17:15:22,154 - RazTraderPlus - WARNING - event=WALLET_TOKEN_MISSING wallet=W3
2026-07-06 17:15:22,154 - RazTraderPlus - WARNING - event=WALLET_DISABLED wallet=W3 reason=TOKEN_MISSING expiry_ts=0
2026-07-06 17:15:22,154 - RazTraderPlus - INFO - AdvancedAnalyticsEngine layers=5
2026-07-06 17:15:22,154 - RazTraderPlus - INFO - Advanced Analytics Engine: ENABLED
2026-07-06 17:15:22,154 - RazTraderPlus - WARNING - event=OPEN_ORDERS_REFRESH_FAIL wallet=W1 err=NameError: name '_is_arzplus_client' is not defined
2026-07-06 17:15:22,154 - RazTraderPlus - WARNING - event=OPEN_ORDERS_REFRESH_FAIL wallet=W2 err=NameError: name '_is_arzplus_client' is not defined
2026-07-06 17:15:22,154 - RazTraderPlus - WARNING - event=OPEN_ORDERS_REFRESH_FAIL wallet=W3 err=NameError: name '_is_arzplus_client' is not defined
2026-07-06 17:15:22,169 - RazTraderPlus - INFO - Logging initialized | dash=True
2026-07-06 17:15:22,169 - RazTraderPlus - WARNING - event=WALLET_TOKEN_MISSING wallet=W1
2026-07-06 17:15:22,169 - RazTraderPlus - WARNING - event=WALLET_DISABLED wallet=W1 reason=TOKEN_MISSING expiry_ts=0
2026-07-06 17:15:22,169 - RazTraderPlus - WARNING - event=WALLET_TOKEN_MISSING wallet=W2
2026-07-06 17:15:22,169 - RazTraderPlus - WARNING - event=WALLET_DISABLED wallet=W2 reason=TOKEN_MISSING expiry_ts=0
2026-07-06 17:15:22,169 - RazTraderPlus - WARNING - event=WALLET_TOKEN_MISSING wallet=W3
2026-07-06 17:15:22,169 - RazTraderPlus - WARNING - event=WALLET_DISABLED wallet=W3 reason=TOKEN_MISSING expiry_ts=0
2026-07-06 17:15:22,169 - RazTraderPlus - INFO - AdvancedAnalyticsEngine layers=5
2026-07-06 17:15:22,169 - RazTraderPlus - INFO - Advanced Analytics Engine: ENABLED
2026-07-06 17:15:22,185 - RazTraderPlus - WARNING - event=OPEN_ORDERS_REFRESH_FAIL wallet=W1 err=NameError: name '_is_arzplus_client' is not defined
2026-07-06 17:15:22,185 - RazTraderPlus - WARNING - event=OPEN_ORDERS_REFRESH_FAIL wallet=W2 err=NameError: name '_is_arzplus_client' is not defined
2026-07-06 17:15:22,185 - RazTraderPlus - WARNING - event=OPEN_ORDERS_REFRESH_FAIL wallet=W3 err=NameError: name '_is_arzplus_client' is not defined
2026-07-06 17:15:22,201 - RazTraderPlus - INFO - Logging initialized | dash=True
2026-07-06 17:15:22,201 - RazTraderPlus - WARNING - event=WALLET_TOKEN_MISSING wallet=W1
2026-07-06 17:15:22,201 - RazTraderPlus - WARNING - event=WALLET_DISABLED wallet=W1 reason=TOKEN_MISSING expiry_ts=0
2026-07-06 17:15:22,201 - RazTraderPlus - WARNING - event=WALLET_TOKEN_MISSING wallet=W2
2026-07-06 17:15:22,201 - RazTraderPlus - WARNING - event=WALLET_DISABLED wallet=W2 reason=TOKEN_MISSING expiry_ts=0
2026-07-06 17:15:22,201 - RazTraderPlus - WARNING - event=WALLET_TOKEN_MISSING wallet=W3
2026-07-06 17:15:22,201 - RazTraderPlus - WARNING - event=WALLET_DISABLED wallet=W3 reason=TOKEN_MISSING expiry_ts=0
2026-07-06 17:15:22,201 - RazTraderPlus - INFO - AdvancedAnalyticsEngine layers=5
2026-07-06 17:15:22,201 - RazTraderPlus - INFO - Advanced Analytics Engine: ENABLED
2026-07-06 17:15:22,201 - RazTraderPlus - WARNING - event=OPEN_ORDERS_REFRESH_FAIL wallet=W1 err=NameError: name '_is_arzplus_client' is not defined
2026-07-06 17:15:22,201 - RazTraderPlus - WARNING - event=OPEN_ORDERS_REFRESH_FAIL wallet=W2 err=NameError: name '_is_arzplus_client' is not defined
2026-07-06 17:15:22,201 - RazTraderPlus - WARNING - event=OPEN_ORDERS_REFRESH_FAIL wallet=W3 err=NameError: name '_is_arzplus_client' is not defined
2026-07-06 17:15:22,216 - RazTraderPlus - INFO - Logging initialized | dash=True
2026-07-06 17:15:22,216 - RazTraderPlus - WARNING - event=WALLET_TOKEN_MISSING wallet=W1
2026-07-06 17:15:22,216 - RazTraderPlus - WARNING - event=WALLET_DISABLED wallet=W1 reason=TOKEN_MISSING expiry_ts=0
2026-07-06 17:15:22,216 - RazTraderPlus - WARNING - event=WALLET_TOKEN_MISSING wallet=W2
2026-07-06 17:15:22,216 - RazTraderPlus - WARNING - event=WALLET_DISABLED wallet=W2 reason=TOKEN_MISSING expiry_ts=0
2026-07-06 17:15:22,216 - RazTraderPlus - WARNING - event=WALLET_TOKEN_MISSING wallet=W3
2026-07-06 17:15:22,216 - RazTraderPlus - WARNING - event=WALLET_DISABLED wallet=W3 reason=TOKEN_MISSING expiry_ts=0
2026-07-06 17:15:22,216 - RazTraderPlus - INFO - AdvancedAnalyticsEngine layers=5
2026-07-06 17:15:22,216 - RazTraderPlus - INFO - Advanced Analytics Engine: ENABLED
2026-07-06 17:15:22,232 - RazTraderPlus - WARNING - event=OPEN_ORDERS_REFRESH_FAIL wallet=W1 err=NameError: name '_is_arzplus_client' is not defined
2026-07-06 17:15:22,232 - RazTraderPlus - WARNING - event=OPEN_ORDERS_REFRESH_FAIL wallet=W2 err=NameError: name '_is_arzplus_client' is not defined
2026-07-06 17:15:22,232 - RazTraderPlus - WARNING - event=OPEN_ORDERS_REFRESH_FAIL wallet=W3 err=NameError: name '_is_arzplus_client' is not defined
2026-07-06 17:22:22,181 - RazTraderPlus - INFO - Logging initialized | dash=True
2026-07-06 17:22:22,181 - RazTraderPlus - WARNING - event=WALLET_TOKEN_MISSING wallet=W1
2026-07-06 17:22:22,181 - RazTraderPlus - WARNING - event=WALLET_DISABLED wallet=W1 reason=TOKEN_MISSING expiry_ts=0
2026-07-06 17:22:22,181 - RazTraderPlus - WARNING - event=WALLET_TOKEN_MISSING wallet=W2
2026-07-06 17:22:22,181 - RazTraderPlus - WARNING - event=WALLET_DISABLED wallet=W2 reason=TOKEN_MISSING expiry_ts=0
2026-07-06 17:22:22,181 - RazTraderPlus - WARNING - event=WALLET_TOKEN_MISSING wallet=W3
2026-07-06 17:22:22,181 - RazTraderPlus - WARNING - event=WALLET_DISABLED wallet=W3 reason=TOKEN_MISSING expiry_ts=0
2026-07-06 17:22:22,181 - RazTraderPlus - INFO - AdvancedAnalyticsEngine layers=5
2026-07-06 17:22:22,181 - RazTraderPlus - INFO - Advanced Analytics Engine: ENABLED
2026-07-06 17:22:22,181 - RazTraderPlus - WARNING - event=OPEN_ORDERS_REFRESH_FAIL wallet=W1 err=NameError: name '_is_arzplus_client' is not defined
2026-07-06 17:22:22,181 - RazTraderPlus - WARNING - event=OPEN_ORDERS_REFRESH_FAIL wallet=W2 err=NameError: name '_is_arzplus_client' is not defined
2026-07-06 17:22:22,181 - RazTraderPlus - WARNING - event=OPEN_ORDERS_REFRESH_FAIL wallet=W3 err=NameError: name '_is_arzplus_client' is not defined
2026-07-06 17:22:22,197 - RazTraderPlus - INFO - Logging initialized | dash=True
2026-07-06 17:22:22,197 - RazTraderPlus - WARNING - event=WALLET_TOKEN_MISSING wallet=W1
2026-07-06 17:22:22,197 - RazTraderPlus - WARNING - event=WALLET_DISABLED wallet=W1 reason=TOKEN_MISSING expiry_ts=0
2026-07-06 17:22:22,197 - RazTraderPlus - WARNING - event=WALLET_TOKEN_MISSING wallet=W2
2026-07-06 17:22:22,197 - RazTraderPlus - WARNING - event=WALLET_DISABLED wallet=W2 reason=TOKEN_MISSING expiry_ts=0
2026-07-06 17:22:22,213 - RazTraderPlus - WARNING - event=WALLET_TOKEN_MISSING wallet=W3
2026-07-06 17:22:22,213 - RazTraderPlus - WARNING - event=WALLET_DISABLED wallet=W3 reason=TOKEN_MISSING expiry_ts=0
2026-07-06 17:22:22,213 - RazTraderPlus - INFO - AdvancedAnalyticsEngine layers=5
2026-07-06 17:22:22,213 - RazTraderPlus - INFO - Advanced Analytics Engine: ENABLED
2026-07-06 17:22:22,213 - RazTraderPlus - WARNING - event=OPEN_ORDERS_REFRESH_FAIL wallet=W1 err=NameError: name '_is_arzplus_client' is not defined
2026-07-06 17:22:22,213 - RazTraderPlus - WARNING - event=OPEN_ORDERS_REFRESH_FAIL wallet=W2 err=NameError: name '_is_arzplus_client' is not defined
2026-07-06 17:22:22,213 - RazTraderPlus - WARNING - event=OPEN_ORDERS_REFRESH_FAIL wallet=W3 err=NameError: name '_is_arzplus_client' is not defined
2026-07-06 17:22:22,228 - RazTraderPlus - INFO - Logging initialized | dash=True
2026-07-06 17:22:22,228 - RazTraderPlus - WARNING - event=WALLET_TOKEN_MISSING wallet=W1
2026-07-06 17:22:22,228 - RazTraderPlus - WARNING - event=WALLET_DISABLED wallet=W1 reason=TOKEN_MISSING expiry_ts=0
2026-07-06 17:22:22,228 - RazTraderPlus - WARNING - event=WALLET_TOKEN_MISSING wallet=W2
2026-07-06 17:22:22,228 - RazTraderPlus - WARNING - event=WALLET_DISABLED wallet=W2 reason=TOKEN_MISSING expiry_ts=0
2026-07-06 17:22:22,228 - RazTraderPlus - WARNING - event=WALLET_TOKEN_MISSING wallet=W3
2026-07-06 17:22:22,228 - RazTraderPlus - WARNING - event=WALLET_DISABLED wallet=W3 reason=TOKEN_MISSING expiry_ts=0
2026-07-06 17:22:22,228 - RazTraderPlus - INFO - AdvancedAnalyticsEngine layers=5
2026-07-06 17:22:22,228 - RazTraderPlus - INFO - Advanced Analytics Engine: ENABLED
2026-07-06 17:22:22,228 - RazTraderPlus - WARNING - event=OPEN_ORDERS_REFRESH_FAIL wallet=W1 err=NameError: name '_is_arzplus_client' is not defined
2026-07-06 17:22:22,228 - RazTraderPlus - WARNING - event=OPEN_ORDERS_REFRESH_FAIL wallet=W2 err=NameError: name '_is_arzplus_client' is not defined
2026-07-06 17:22:22,244 - RazTraderPlus - WARNING - event=OPEN_ORDERS_REFRESH_FAIL wallet=W3 err=NameError: name '_is_arzplus_client' is not defined
2026-07-06 17:22:22,244 - RazTraderPlus - INFO - Logging initialized | dash=True
2026-07-06 17:22:22,244 - RazTraderPlus - WARNING - event=WALLET_TOKEN_MISSING wallet=W1
2026-07-06 17:22:22,244 - RazTraderPlus - WARNING - event=WALLET_DISABLED wallet=W1 reason=TOKEN_MISSING expiry_ts=0
2026-07-06 17:22:22,260 - RazTraderPlus - WARNING - event=WALLET_TOKEN_MISSING wallet=W2
2026-07-06 17:22:22,260 - RazTraderPlus - WARNING - event=WALLET_DISABLED wallet=W2 reason=TOKEN_MISSING expiry_ts=0
2026-07-06 17:22:22,260 - RazTraderPlus - WARNING - event=WALLET_TOKEN_MISSING wallet=W3
2026-07-06 17:22:22,260 - RazTraderPlus - WARNING - event=WALLET_DISABLED wallet=W3 reason=TOKEN_MISSING expiry_ts=0
2026-07-06 17:22:22,260 - RazTraderPlus - INFO - AdvancedAnalyticsEngine layers=5
2026-07-06 17:22:22,260 - RazTraderPlus - INFO - Advanced Analytics Engine: ENABLED
2026-07-06 17:22:22,260 - RazTraderPlus - WARNING - event=OPEN_ORDERS_REFRESH_FAIL wallet=W1 err=NameError: name '_is_arzplus_client' is not defined
2026-07-06 17:22:22,260 - RazTraderPlus - WARNING - event=OPEN_ORDERS_REFRESH_FAIL wallet=W2 err=NameError: name '_is_arzplus_client' is not defined
2026-07-06 17:22:22,260 - RazTraderPlus - WARNING - event=OPEN_ORDERS_REFRESH_FAIL wallet=W3 err=NameError: name '_is_arzplus_client' is not defined
2026-07-06 17:31:31,305 - RazTraderPlus - INFO - Logging initialized | dash=True
2026-07-06 17:31:31,312 - RazTraderPlus - WARNING - event=WALLET_TOKEN_MISSING wallet=W1
2026-07-06 17:31:31,312 - RazTraderPlus - WARNING - event=WALLET_DISABLED wallet=W1 reason=TOKEN_MISSING expiry_ts=0
2026-07-06 17:31:31,312 - RazTraderPlus - WARNING - event=WALLET_TOKEN_MISSING wallet=W2
2026-07-06 17:31:31,312 - RazTraderPlus - WARNING - event=WALLET_DISABLED wallet=W2 reason=TOKEN_MISSING expiry_ts=0
2026-07-06 17:31:31,312 - RazTraderPlus - WARNING - event=WALLET_TOKEN_MISSING wallet=W3
2026-07-06 17:31:31,312 - RazTraderPlus - WARNING - event=WALLET_DISABLED wallet=W3 reason=TOKEN_MISSING expiry_ts=0
2026-07-06 17:31:31,312 - RazTraderPlus - INFO - AdvancedAnalyticsEngine layers=5
2026-07-06 17:31:31,312 - RazTraderPlus - INFO - Advanced Analytics Engine: ENABLED
2026-07-06 17:31:31,312 - RazTraderPlus - WARNING - event=OPEN_ORDERS_REFRESH_FAIL wallet=W1 err=NameError: name '_is_arzplus_client' is not defined
2026-07-06 17:31:31,312 - RazTraderPlus - WARNING - event=OPEN_ORDERS_REFRESH_FAIL wallet=W2 err=NameError: name '_is_arzplus_client' is not defined
2026-07-06 17:31:31,312 - RazTraderPlus - WARNING - event=OPEN_ORDERS_REFRESH_FAIL wallet=W3 err=NameError: name '_is_arzplus_client' is not defined
2026-07-06 17:31:31,327 - RazTraderPlus - INFO - Logging initialized | dash=True
2026-07-06 17:31:31,327 - RazTraderPlus - WARNING - event=WALLET_TOKEN_MISSING wallet=W1
2026-07-06 17:31:31,327 - RazTraderPlus - WARNING - event=WALLET_DISABLED wallet=W1 reason=TOKEN_MISSING expiry_ts=0
2026-07-06 17:31:31,327 - RazTraderPlus - WARNING - event=WALLET_TOKEN_MISSING wallet=W2
2026-07-06 17:31:31,327 - RazTraderPlus - WARNING - event=WALLET_DISABLED wallet=W2 reason=TOKEN_MISSING expiry_ts=0
2026-07-06 17:31:31,327 - RazTraderPlus - WARNING - event=WALLET_TOKEN_MISSING wallet=W3
2026-07-06 17:31:31,327 - RazTraderPlus - WARNING - event=WALLET_DISABLED wallet=W3 reason=TOKEN_MISSING expiry_ts=0
2026-07-06 17:31:31,327 - RazTraderPlus - INFO - AdvancedAnalyticsEngine layers=5
2026-07-06 17:31:31,327 - RazTraderPlus - INFO - Advanced Analytics Engine: ENABLED
2026-07-06 17:31:31,343 - RazTraderPlus - WARNING - event=OPEN_ORDERS_REFRESH_FAIL wallet=W1 err=NameError: name '_is_arzplus_client' is not defined
2026-07-06 17:31:31,343 - RazTraderPlus - WARNING - event=OPEN_ORDERS_REFRESH_FAIL wallet=W2 err=NameError: name '_is_arzplus_client' is not defined
2026-07-06 17:31:31,343 - RazTraderPlus - WARNING - event=OPEN_ORDERS_REFRESH_FAIL wallet=W3 err=NameError: name '_is_arzplus_client' is not defined
2026-07-06 17:31:39,310 - RazTraderPlus - INFO - Logging initialized | dash=True
2026-07-06 17:31:39,310 - RazTraderPlus - WARNING - event=WALLET_TOKEN_MISSING wallet=W1
2026-07-06 17:31:39,310 - RazTraderPlus - WARNING - event=WALLET_DISABLED wallet=W1 reason=TOKEN_MISSING expiry_ts=0
2026-07-06 17:31:39,310 - RazTraderPlus - WARNING - event=WALLET_TOKEN_MISSING wallet=W2
2026-07-06 17:31:39,310 - RazTraderPlus - WARNING - event=WALLET_DISABLED wallet=W2 reason=TOKEN_MISSING expiry_ts=0
2026-07-06 17:31:39,310 - RazTraderPlus - WARNING - event=WALLET_TOKEN_MISSING wallet=W3
2026-07-06 17:31:39,310 - RazTraderPlus - WARNING - event=WALLET_DISABLED wallet=W3 reason=TOKEN_MISSING expiry_ts=0
2026-07-06 17:31:39,310 - RazTraderPlus - INFO - AdvancedAnalyticsEngine layers=5
2026-07-06 17:31:39,310 - RazTraderPlus - INFO - Advanced Analytics Engine: ENABLED
2026-07-06 17:31:39,325 - RazTraderPlus - WARNING - event=OPEN_ORDERS_REFRESH_FAIL wallet=W1 err=NameError: name '_is_arzplus_client' is not defined
2026-07-06 17:31:39,325 - RazTraderPlus - WARNING - event=OPEN_ORDERS_REFRESH_FAIL wallet=W2 err=NameError: name '_is_arzplus_client' is not defined
2026-07-06 17:31:39,325 - RazTraderPlus - WARNING - event=OPEN_ORDERS_REFRESH_FAIL wallet=W3 err=NameError: name '_is_arzplus_client' is not defined
2026-07-06 17:31:39,325 - RazTraderPlus - INFO - Logging initialized | dash=True
2026-07-06 17:31:39,341 - RazTraderPlus - WARNING - event=WALLET_TOKEN_MISSING wallet=W1
2026-07-06 17:31:39,341 - RazTraderPlus - WARNING - event=WALLET_DISABLED wallet=W1 reason=TOKEN_MISSING expiry_ts=0
2026-07-06 17:31:39,341 - RazTraderPlus - WARNING - event=WALLET_TOKEN_MISSING wallet=W2
2026-07-06 17:31:39,341 - RazTraderPlus - WARNING - event=WALLET_DISABLED wallet=W2 reason=TOKEN_MISSING expiry_ts=0
2026-07-06 17:31:39,341 - RazTraderPlus - WARNING - event=WALLET_TOKEN_MISSING wallet=W3
2026-07-06 17:31:39,341 - RazTraderPlus - WARNING - event=WALLET_DISABLED wallet=W3 reason=TOKEN_MISSING expiry_ts=0
2026-07-06 17:31:39,341 - RazTraderPlus - INFO - AdvancedAnalyticsEngine layers=5
2026-07-06 17:31:39,341 - RazTraderPlus - INFO - Advanced Analytics Engine: ENABLED
2026-07-06 17:31:39,341 - RazTraderPlus - WARNING - event=OPEN_ORDERS_REFRESH_FAIL wallet=W1 err=NameError: name '_is_arzplus_client' is not defined
2026-07-06 17:31:39,341 - RazTraderPlus - WARNING - event=OPEN_ORDERS_REFRESH_FAIL wallet=W2 err=NameError: name '_is_arzplus_client' is not defined
2026-07-06 17:31:39,341 - RazTraderPlus - WARNING - event=OPEN_ORDERS_REFRESH_FAIL wallet=W3 err=NameError: name '_is_arzplus_client' is not defined
2026-07-06 17:38:20,262 - RazTraderPlus - INFO - Logging initialized | dash=True
2026-07-06 17:38:20,262 - RazTraderPlus - WARNING - event=WALLET_TOKEN_MISSING wallet=W1
2026-07-06 17:38:20,262 - RazTraderPlus - WARNING - event=WALLET_DISABLED wallet=W1 reason=TOKEN_MISSING expiry_ts=0
2026-07-06 17:38:20,262 - RazTraderPlus - WARNING - event=WALLET_TOKEN_MISSING wallet=W2
2026-07-06 17:38:20,262 - RazTraderPlus - WARNING - event=WALLET_DISABLED wallet=W2 reason=TOKEN_MISSING expiry_ts=0
2026-07-06 17:38:20,262 - RazTraderPlus - WARNING - event=WALLET_TOKEN_MISSING wallet=W3
2026-07-06 17:38:20,262 - RazTraderPlus - WARNING - event=WALLET_DISABLED wallet=W3 reason=TOKEN_MISSING expiry_ts=0
2026-07-06 17:38:20,262 - RazTraderPlus - INFO - AdvancedAnalyticsEngine layers=5
2026-07-06 17:38:20,262 - RazTraderPlus - INFO - Advanced Analytics Engine: ENABLED
2026-07-06 17:38:20,278 - RazTraderPlus - WARNING - event=OPEN_ORDERS_REFRESH_FAIL wallet=W1 err=NameError: name '_is_arzplus_client' is not defined
2026-07-06 17:38:20,278 - RazTraderPlus - WARNING - event=OPEN_ORDERS_REFRESH_FAIL wallet=W2 err=NameError: name '_is_arzplus_client' is not defined
2026-07-06 17:38:20,278 - RazTraderPlus - WARNING - event=OPEN_ORDERS_REFRESH_FAIL wallet=W3 err=NameError: name '_is_arzplus_client' is not defined
2026-07-06 17:38:20,278 - RazTraderPlus - INFO - Logging initialized | dash=True
2026-07-06 17:38:20,278 - RazTraderPlus - WARNING - event=WALLET_TOKEN_MISSING wallet=W1
2026-07-06 17:38:20,278 - RazTraderPlus - WARNING - event=WALLET_DISABLED wallet=W1 reason=TOKEN_MISSING expiry_ts=0
2026-07-06 17:38:20,293 - RazTraderPlus - WARNING - event=WALLET_TOKEN_MISSING wallet=W2
2026-07-06 17:38:20,293 - RazTraderPlus - WARNING - event=WALLET_DISABLED wallet=W2 reason=TOKEN_MISSING expiry_ts=0
2026-07-06 17:38:20,293 - RazTraderPlus - WARNING - event=WALLET_TOKEN_MISSING wallet=W3
2026-07-06 17:38:20,293 - RazTraderPlus - WARNING - event=WALLET_DISABLED wallet=W3 reason=TOKEN_MISSING expiry_ts=0
2026-07-06 17:38:20,293 - RazTraderPlus - INFO - AdvancedAnalyticsEngine layers=5
2026-07-06 17:38:20,293 - RazTraderPlus - INFO - Advanced Analytics Engine: ENABLED
2026-07-06 17:38:20,293 - RazTraderPlus - WARNING - event=OPEN_ORDERS_REFRESH_FAIL wallet=W1 err=NameError: name '_is_arzplus_client' is not defined
2026-07-06 17:38:20,293 - RazTraderPlus - WARNING - event=OPEN_ORDERS_REFRESH_FAIL wallet=W2 err=NameError: name '_is_arzplus_client' is not defined
2026-07-06 17:38:20,293 - RazTraderPlus - WARNING - event=OPEN_ORDERS_REFRESH_FAIL wallet=W3 err=NameError: name '_is_arzplus_client' is not defined
2026-07-06 20:58:51,926 - RazTraderPlus - INFO - Logging initialized | dash=True
2026-07-06 20:58:51,926 - RazTraderPlus - WARNING - event=WALLET_TOKEN_MISSING wallet=W1
2026-07-06 20:58:51,926 - RazTraderPlus - WARNING - event=WALLET_DISABLED wallet=W1 reason=TOKEN_MISSING expiry_ts=0
2026-07-06 20:58:51,926 - RazTraderPlus - WARNING - event=WALLET_TOKEN_MISSING wallet=W2
2026-07-06 20:58:51,926 - RazTraderPlus - WARNING - event=WALLET_DISABLED wallet=W2 reason=TOKEN_MISSING expiry_ts=0
2026-07-06 20:58:51,942 - RazTraderPlus - WARNING - event=WALLET_TOKEN_MISSING wallet=W3
2026-07-06 20:58:51,942 - RazTraderPlus - WARNING - event=WALLET_DISABLED wallet=W3 reason=TOKEN_MISSING expiry_ts=0
2026-07-06 20:58:51,942 - RazTraderPlus - INFO - AdvancedAnalyticsEngine layers=5
2026-07-06 20:58:51,942 - RazTraderPlus - INFO - Advanced Analytics Engine: ENABLED
2026-07-06 20:58:51,942 - RazTraderPlus - WARNING - event=OPEN_ORDERS_REFRESH_FAIL wallet=W1 err=NameError: name '_is_arzplus_client' is not defined
2026-07-06 20:58:51,942 - RazTraderPlus - WARNING - event=OPEN_ORDERS_REFRESH_FAIL wallet=W2 err=NameError: name '_is_arzplus_client' is not defined
2026-07-06 20:58:51,942 - RazTraderPlus - WARNING - event=OPEN_ORDERS_REFRESH_FAIL wallet=W3 err=NameError: name '_is_arzplus_client' is not defined
2026-07-06 20:58:51,958 - RazTraderPlus - INFO - Logging initialized | dash=True
2026-07-06 20:58:51,958 - RazTraderPlus - WARNING - event=WALLET_TOKEN_MISSING wallet=W1
2026-07-06 20:58:51,958 - RazTraderPlus - WARNING - event=WALLET_DISABLED wallet=W1 reason=TOKEN_MISSING expiry_ts=0
2026-07-06 20:58:51,958 - RazTraderPlus - WARNING - event=WALLET_TOKEN_MISSING wallet=W2
2026-07-06 20:58:51,958 - RazTraderPlus - WARNING - event=WALLET_DISABLED wallet=W2 reason=TOKEN_MISSING expiry_ts=0
2026-07-06 20:58:51,958 - RazTraderPlus - WARNING - event=WALLET_TOKEN_MISSING wallet=W3
2026-07-06 20:58:51,958 - RazTraderPlus - WARNING - event=WALLET_DISABLED wallet=W3 reason=TOKEN_MISSING expiry_ts=0
2026-07-06 20:58:51,958 - RazTraderPlus - INFO - AdvancedAnalyticsEngine layers=5
2026-07-06 20:58:51,958 - RazTraderPlus - INFO - Advanced Analytics Engine: ENABLED
2026-07-06 20:58:51,958 - RazTraderPlus - WARNING - event=OPEN_ORDERS_REFRESH_FAIL wallet=W1 err=NameError: name '_is_arzplus_client' is not defined
2026-07-06 20:58:51,958 - RazTraderPlus - WARNING - event=OPEN_ORDERS_REFRESH_FAIL wallet=W2 err=NameError: name '_is_arzplus_client' is not defined
2026-07-06 20:58:51,958 - RazTraderPlus - WARNING - event=OPEN_ORDERS_REFRESH_FAIL wallet=W3 err=NameError: name '_is_arzplus_client' is not defined
2026-07-07 21:07:38,170 - RazTraderPlus - INFO - Logging initialized | dash=True
2026-07-07 21:07:38,207 - RazTraderPlus - WARNING - event=WALLET_TOKEN_MISSING wallet=W1
2026-07-07 21:07:38,207 - RazTraderPlus - WARNING - event=WALLET_DISABLED wallet=W1 reason=TOKEN_MISSING expiry_ts=0
2026-07-07 21:07:38,207 - RazTraderPlus - WARNING - event=WALLET_TOKEN_MISSING wallet=W2
2026-07-07 21:07:38,207 - RazTraderPlus - WARNING - event=WALLET_DISABLED wallet=W2 reason=TOKEN_MISSING expiry_ts=0
2026-07-07 21:07:38,207 - RazTraderPlus - WARNING - event=WALLET_TOKEN_MISSING wallet=W3
2026-07-07 21:07:38,207 - RazTraderPlus - WARNING - event=WALLET_DISABLED wallet=W3 reason=TOKEN_MISSING expiry_ts=0
2026-07-07 21:07:38,246 - RazTraderPlus - INFO - AdvancedAnalyticsEngine layers=5
2026-07-07 21:07:38,247 - RazTraderPlus - INFO - Advanced Analytics Engine: ENABLED
2026-07-07 21:07:38,253 - RazTraderPlus - WARNING - event=OPEN_ORDERS_REFRESH_FAIL wallet=W1 err=NameError: name '_is_arzplus_client' is not defined
2026-07-07 21:07:38,254 - RazTraderPlus - WARNING - event=OPEN_ORDERS_REFRESH_FAIL wallet=W2 err=NameError: name '_is_arzplus_client' is not defined
2026-07-07 21:07:38,255 - RazTraderPlus - WARNING - event=OPEN_ORDERS_REFRESH_FAIL wallet=W3 err=NameError: name '_is_arzplus_client' is not defined
2026-07-07 21:07:38,274 - RazTraderPlus - INFO - Logging initialized | dash=True
2026-07-07 21:07:38,362 - RazTraderPlus - WARNING - event=WALLET_TOKEN_MISSING wallet=W1
2026-07-07 21:07:38,363 - RazTraderPlus - WARNING - event=WALLET_DISABLED wallet=W1 reason=TOKEN_MISSING expiry_ts=0
2026-07-07 21:07:38,366 - RazTraderPlus - WARNING - event=WALLET_TOKEN_MISSING wallet=W2
2026-07-07 21:07:38,367 - RazTraderPlus - WARNING - event=WALLET_DISABLED wallet=W2 reason=TOKEN_MISSING expiry_ts=0
2026-07-07 21:07:38,368 - RazTraderPlus - WARNING - event=WALLET_TOKEN_MISSING wallet=W3
2026-07-07 21:07:38,369 - RazTraderPlus - WARNING - event=WALLET_DISABLED wallet=W3 reason=TOKEN_MISSING expiry_ts=0
2026-07-07 21:07:38,372 - RazTraderPlus - INFO - AdvancedAnalyticsEngine layers=5
2026-07-07 21:07:38,373 - RazTraderPlus - INFO - Advanced Analytics Engine: ENABLED
2026-07-07 21:07:38,381 - RazTraderPlus - WARNING - event=OPEN_ORDERS_REFRESH_FAIL wallet=W1 err=NameError: name '_is_arzplus_client' is not defined
2026-07-07 21:07:38,382 - RazTraderPlus - WARNING - event=OPEN_ORDERS_REFRESH_FAIL wallet=W2 err=NameError: name '_is_arzplus_client' is not defined
2026-07-07 21:07:38,383 - RazTraderPlus - WARNING - event=OPEN_ORDERS_REFRESH_FAIL wallet=W3 err=NameError: name '_is_arzplus_client' is not defined
2026-07-07 21:15:18,829 - RazTraderPlus - INFO - Logging initialized | dash=True
2026-07-07 21:15:18,829 - RazTraderPlus - WARNING - event=WALLET_TOKEN_MISSING wallet=W1
2026-07-07 21:15:18,829 - RazTraderPlus - WARNING - event=WALLET_DISABLED wallet=W1 reason=TOKEN_MISSING expiry_ts=0
2026-07-07 21:15:18,845 - RazTraderPlus - WARNING - event=WALLET_TOKEN_MISSING wallet=W2
2026-07-07 21:15:18,845 - RazTraderPlus - WARNING - event=WALLET_DISABLED wallet=W2 reason=TOKEN_MISSING expiry_ts=0
2026-07-07 21:15:18,845 - RazTraderPlus - WARNING - event=WALLET_TOKEN_MISSING wallet=W3
2026-07-07 21:15:18,845 - RazTraderPlus - WARNING - event=WALLET_DISABLED wallet=W3 reason=TOKEN_MISSING expiry_ts=0
2026-07-07 21:15:18,845 - RazTraderPlus - INFO - AdvancedAnalyticsEngine layers=5
2026-07-07 21:15:18,845 - RazTraderPlus - INFO - Advanced Analytics Engine: ENABLED
2026-07-07 21:15:18,845 - RazTraderPlus - WARNING - event=OPEN_ORDERS_REFRESH_FAIL wallet=W1 err=NameError: name '_is_arzplus_client' is not defined
2026-07-07 21:15:18,845 - RazTraderPlus - WARNING - event=OPEN_ORDERS_REFRESH_FAIL wallet=W2 err=NameError: name '_is_arzplus_client' is not defined
2026-07-07 21:15:18,845 - RazTraderPlus - WARNING - event=OPEN_ORDERS_REFRESH_FAIL wallet=W3 err=NameError: name '_is_arzplus_client' is not defined
2026-07-07 21:15:18,860 - RazTraderPlus - INFO - Logging initialized | dash=True
2026-07-07 21:15:18,860 - RazTraderPlus - WARNING - event=WALLET_TOKEN_MISSING wallet=W1
2026-07-07 21:15:18,860 - RazTraderPlus - WARNING - event=WALLET_DISABLED wallet=W1 reason=TOKEN_MISSING expiry_ts=0
2026-07-07 21:15:18,860 - RazTraderPlus - WARNING - event=WALLET_TOKEN_MISSING wallet=W2
2026-07-07 21:15:18,860 - RazTraderPlus - WARNING - event=WALLET_DISABLED wallet=W2 reason=TOKEN_MISSING expiry_ts=0
2026-07-07 21:15:18,860 - RazTraderPlus - WARNING - event=WALLET_TOKEN_MISSING wallet=W3
2026-07-07 21:15:18,860 - RazTraderPlus - WARNING - event=WALLET_DISABLED wallet=W3 reason=TOKEN_MISSING expiry_ts=0
2026-07-07 21:15:18,860 - RazTraderPlus - INFO - AdvancedAnalyticsEngine layers=5
2026-07-07 21:15:18,860 - RazTraderPlus - INFO - Advanced Analytics Engine: ENABLED
2026-07-07 21:15:18,860 - RazTraderPlus - WARNING - event=OPEN_ORDERS_REFRESH_FAIL wallet=W1 err=NameError: name '_is_arzplus_client' is not defined
2026-07-07 21:15:18,860 - RazTraderPlus - WARNING - event=OPEN_ORDERS_REFRESH_FAIL wallet=W2 err=NameError: name '_is_arzplus_client' is not defined
2026-07-07 21:15:18,876 - RazTraderPlus - WARNING - event=OPEN_ORDERS_REFRESH_FAIL wallet=W3 err=NameError: name '_is_arzplus_client' is not defined
2026-07-07 21:17:29,201 - RazTraderPlus - INFO - Logging initialized | dash=True
2026-07-07 21:17:29,216 - RazTraderPlus - WARNING - event=WALLET_TOKEN_MISSING wallet=W1
2026-07-07 21:17:29,216 - RazTraderPlus - WARNING - event=WALLET_DISABLED wallet=W1 reason=TOKEN_MISSING expiry_ts=0
2026-07-07 21:17:29,216 - RazTraderPlus - WARNING - event=WALLET_TOKEN_MISSING wallet=W2
2026-07-07 21:17:29,216 - RazTraderPlus - WARNING - event=WALLET_DISABLED wallet=W2 reason=TOKEN_MISSING expiry_ts=0
2026-07-07 21:17:29,216 - RazTraderPlus - WARNING - event=WALLET_TOKEN_MISSING wallet=W3
2026-07-07 21:17:29,216 - RazTraderPlus - WARNING - event=WALLET_DISABLED wallet=W3 reason=TOKEN_MISSING expiry_ts=0
2026-07-07 21:17:29,216 - RazTraderPlus - INFO - AdvancedAnalyticsEngine layers=5
2026-07-07 21:17:29,216 - RazTraderPlus - INFO - Advanced Analytics Engine: ENABLED
2026-07-07 21:17:29,223 - RazTraderPlus - WARNING - event=OPEN_ORDERS_REFRESH_FAIL wallet=W1 err=NameError: name '_is_arzplus_client' is not defined
2026-07-07 21:17:29,223 - RazTraderPlus - WARNING - event=OPEN_ORDERS_REFRESH_FAIL wallet=W2 err=NameError: name '_is_arzplus_client' is not defined
2026-07-07 21:17:29,223 - RazTraderPlus - WARNING - event=OPEN_ORDERS_REFRESH_FAIL wallet=W3 err=NameError: name '_is_arzplus_client' is not defined
2026-07-07 21:17:29,223 - RazTraderPlus - INFO - Logging initialized | dash=True
2026-07-07 21:17:29,223 - RazTraderPlus - WARNING - event=WALLET_TOKEN_MISSING wallet=W1
2026-07-07 21:17:29,223 - RazTraderPlus - WARNING - event=WALLET_DISABLED wallet=W1 reason=TOKEN_MISSING expiry_ts=0
2026-07-07 21:17:29,239 - RazTraderPlus - WARNING - event=WALLET_TOKEN_MISSING wallet=W2
2026-07-07 21:17:29,239 - RazTraderPlus - WARNING - event=WALLET_DISABLED wallet=W2 reason=TOKEN_MISSING expiry_ts=0
2026-07-07 21:17:29,239 - RazTraderPlus - WARNING - event=WALLET_TOKEN_MISSING wallet=W3
2026-07-07 21:17:29,239 - RazTraderPlus - WARNING - event=WALLET_DISABLED wallet=W3 reason=TOKEN_MISSING expiry_ts=0
2026-07-07 21:17:29,239 - RazTraderPlus - INFO - AdvancedAnalyticsEngine layers=5
2026-07-07 21:17:29,239 - RazTraderPlus - INFO - Advanced Analytics Engine: ENABLED
2026-07-07 21:17:29,239 - RazTraderPlus - WARNING - event=OPEN_ORDERS_REFRESH_FAIL wallet=W1 err=NameError: name '_is_arzplus_client' is not defined
2026-07-07 21:17:29,239 - RazTraderPlus - WARNING - event=OPEN_ORDERS_REFRESH_FAIL wallet=W2 err=NameError: name '_is_arzplus_client' is not defined
2026-07-07 21:17:29,239 - RazTraderPlus - WARNING - event=OPEN_ORDERS_REFRESH_FAIL wallet=W3 err=NameError: name '_is_arzplus_client' is not defined
2026-07-07 21:19:47,486 - RazTraderPlus - INFO - Logging initialized | dash=True
2026-07-07 21:19:47,486 - RazTraderPlus - WARNING - event=WALLET_TOKEN_MISSING wallet=W1
2026-07-07 21:19:47,486 - RazTraderPlus - WARNING - event=WALLET_DISABLED wallet=W1 reason=TOKEN_MISSING expiry_ts=0
2026-07-07 21:19:47,486 - RazTraderPlus - WARNING - event=WALLET_TOKEN_MISSING wallet=W2
2026-07-07 21:19:47,486 - RazTraderPlus - WARNING - event=WALLET_DISABLED wallet=W2 reason=TOKEN_MISSING expiry_ts=0
2026-07-07 21:19:47,486 - RazTraderPlus - WARNING - event=WALLET_TOKEN_MISSING wallet=W3
2026-07-07 21:19:47,486 - RazTraderPlus - WARNING - event=WALLET_DISABLED wallet=W3 reason=TOKEN_MISSING expiry_ts=0
2026-07-07 21:19:47,501 - RazTraderPlus - INFO - AdvancedAnalyticsEngine layers=5
2026-07-07 21:19:47,501 - RazTraderPlus - INFO - Advanced Analytics Engine: ENABLED
2026-07-07 21:19:47,501 - RazTraderPlus - WARNING - event=OPEN_ORDERS_REFRESH_FAIL wallet=W1 err=NameError: name '_is_arzplus_client' is not defined
2026-07-07 21:19:47,508 - RazTraderPlus - WARNING - event=OPEN_ORDERS_REFRESH_FAIL wallet=W2 err=NameError: name '_is_arzplus_client' is not defined
2026-07-07 21:19:47,508 - RazTraderPlus - WARNING - event=OPEN_ORDERS_REFRESH_FAIL wallet=W3 err=NameError: name '_is_arzplus_client' is not defined
2026-07-07 21:19:47,508 - RazTraderPlus - INFO - Logging initialized | dash=True
2026-07-07 21:19:47,508 - RazTraderPlus - WARNING - event=WALLET_TOKEN_MISSING wallet=W1
2026-07-07 21:19:47,508 - RazTraderPlus - WARNING - event=WALLET_DISABLED wallet=W1 reason=TOKEN_MISSING expiry_ts=0
2026-07-07 21:19:47,508 - RazTraderPlus - WARNING - event=WALLET_TOKEN_MISSING wallet=W2
2026-07-07 21:19:47,508 - RazTraderPlus - WARNING - event=WALLET_DISABLED wallet=W2 reason=TOKEN_MISSING expiry_ts=0
2026-07-07 21:19:47,523 - RazTraderPlus - WARNING - event=WALLET_TOKEN_MISSING wallet=W3
2026-07-07 21:19:47,523 - RazTraderPlus - WARNING - event=WALLET_DISABLED wallet=W3 reason=TOKEN_MISSING expiry_ts=0
2026-07-07 21:19:47,523 - RazTraderPlus - INFO - AdvancedAnalyticsEngine layers=5
2026-07-07 21:19:47,523 - RazTraderPlus - INFO - Advanced Analytics Engine: ENABLED
2026-07-07 21:19:47,523 - RazTraderPlus - WARNING - event=OPEN_ORDERS_REFRESH_FAIL wallet=W1 err=NameError: name '_is_arzplus_client' is not defined
2026-07-07 21:19:47,523 - RazTraderPlus - WARNING - event=OPEN_ORDERS_REFRESH_FAIL wallet=W2 err=NameError: name '_is_arzplus_client' is not defined
2026-07-07 21:19:47,523 - RazTraderPlus - WARNING - event=OPEN_ORDERS_REFRESH_FAIL wallet=W3 err=NameError: name '_is_arzplus_client' is not defined
2026-07-08 16:49:49,693 - RazTraderPlus - INFO - Logging initialized | dash=True
2026-07-08 16:49:49,707 - RazTraderPlus - WARNING - event=WALLET_TOKEN_MISSING wallet=W1
2026-07-08 16:49:49,707 - RazTraderPlus - WARNING - event=WALLET_DISABLED wallet=W1 reason=TOKEN_MISSING expiry_ts=0
2026-07-08 16:49:49,707 - RazTraderPlus - WARNING - event=WALLET_TOKEN_MISSING wallet=W2
2026-07-08 16:49:49,709 - RazTraderPlus - WARNING - event=WALLET_DISABLED wallet=W2 reason=TOKEN_MISSING expiry_ts=0
2026-07-08 16:49:49,709 - RazTraderPlus - WARNING - event=WALLET_TOKEN_MISSING wallet=W3
2026-07-08 16:49:49,710 - RazTraderPlus - WARNING - event=WALLET_DISABLED wallet=W3 reason=TOKEN_MISSING expiry_ts=0
2026-07-08 16:49:49,712 - RazTraderPlus - INFO - AdvancedAnalyticsEngine layers=5
2026-07-08 16:49:49,712 - RazTraderPlus - INFO - Advanced Analytics Engine: ENABLED
2026-07-08 16:49:49,715 - RazTraderPlus - WARNING - event=OPEN_ORDERS_REFRESH_FAIL wallet=W1 err=NameError: name '_is_arzplus_client' is not defined
2026-07-08 16:49:49,715 - RazTraderPlus - WARNING - event=OPEN_ORDERS_REFRESH_FAIL wallet=W2 err=NameError: name '_is_arzplus_client' is not defined
2026-07-08 16:49:49,717 - RazTraderPlus - WARNING - event=OPEN_ORDERS_REFRESH_FAIL wallet=W3 err=NameError: name '_is_arzplus_client' is not defined
2026-07-08 16:49:49,729 - RazTraderPlus - INFO - Logging initialized | dash=True
2026-07-08 16:49:49,730 - RazTraderPlus - WARNING - event=WALLET_TOKEN_MISSING wallet=W1
2026-07-08 16:49:49,731 - RazTraderPlus - WARNING - event=WALLET_DISABLED wallet=W1 reason=TOKEN_MISSING expiry_ts=0
2026-07-08 16:49:49,732 - RazTraderPlus - WARNING - event=WALLET_TOKEN_MISSING wallet=W2
2026-07-08 16:49:49,732 - RazTraderPlus - WARNING - event=WALLET_DISABLED wallet=W2 reason=TOKEN_MISSING expiry_ts=0
2026-07-08 16:49:49,734 - RazTraderPlus - WARNING - event=WALLET_TOKEN_MISSING wallet=W3
2026-07-08 16:49:49,735 - RazTraderPlus - WARNING - event=WALLET_DISABLED wallet=W3 reason=TOKEN_MISSING expiry_ts=0
2026-07-08 16:49:49,737 - RazTraderPlus - INFO - AdvancedAnalyticsEngine layers=5
2026-07-08 16:49:49,738 - RazTraderPlus - INFO - Advanced Analytics Engine: ENABLED
2026-07-08 16:49:49,743 - RazTraderPlus - WARNING - event=OPEN_ORDERS_REFRESH_FAIL wallet=W1 err=NameError: name '_is_arzplus_client' is not defined
2026-07-08 16:49:49,744 - RazTraderPlus - WARNING - event=OPEN_ORDERS_REFRESH_FAIL wallet=W2 err=NameError: name '_is_arzplus_client' is not defined
2026-07-08 16:49:49,744 - RazTraderPlus - WARNING - event=OPEN_ORDERS_REFRESH_FAIL wallet=W3 err=NameError: name '_is_arzplus_client' is not defined
